ID,Year_birth,Education,Marital_Status,Income,kidhome,teenhome,dt_customer,recency,mnt wines,,,,,,,,,,,,,,,,,,,,,,
5524,1957,Graduation,Single,58138,0,0,04-09-2012,58,635,,,,,,,,,,,,,,,,,,,,,,
2174,1954,PhD,Together,46344,1,1,08-03-2014,38,11,,,,,,,,,,,,,,,,,,,,,,
4141,1965,Master,Married,71613,2,2,21-08-2013,26,426,,,,,,,,,,,,,,,,,,,,,,
6182,1984,Basic,Divorced,26646,,,10-02-2014,94,173,,,,,,,,,,,,,,,,,,,,,,
5324,1981,2n Cycle,Widow,58293,,,19-01-2014,16,520,,,,,,,,,,,,,,,,,,,,,,
7446,1967,,Alone,62513,,,09-09-2013,34,235,,,,,,,,,,,,,,,,,,,,,,
965,1971,,Unknown,55635,,,13-11-2012,32,76,,,,,,,,,,,,,,,,,,,,,,
6177,1985,,,33454,,,08-05-2013,19,14,,,,,,,,,,,,,,,,,,,,,,
4855,1974,,,30351,,,06-06-2013,68,28,,,,,,,,,,,,,,,,,,,,,,
5899,1950,,,5648,,,13-03-2014,11,5,,,,,,,,,,,,,,,,,,,,,,
1994,1983,,,,,,15-11-2013,59,6,,,,,,,,,,,,,,,,,,,,,,
387,1976,,,7500,,,10-10-2012,82,194,,,,,,,,,,,,,,,,,,,,,,
2125,1959,,,63033,,,24-11-2012,53,233,,,,,,,,,,,,,,,,,,,,,,
8180,1952,,,59354,,,24-12-2012,23,3,,,,,,,,,,,,,,,,,,,,,,
2569,1987,,,17323,,,31-08-2012,51,1006,,,,,,,,,,,,,,,,,,,,,,
2114,1946,,,82800,,,28-03-2013,20,53,,,,,,,,,,,,,,,,,,,,,,
9736,1980,,,41850,,,03-11-2012,91,84,,,,,,,,,,,,,,,,,,,,,,
4939,1949,,,37760,,,08-08-2012,86,1012,,,,,,,,,,,,,,,,,,,,,,
6565,1982,,,76995,,,06-01-2013,41,4,,,,,,,,,,,,,,,,,,,,,,
2278,1979,,,33812,,,23-12-2012,42,86,,,,,,,,,,,,,,,,,,,,,,
9360,1951,,,37040,,,11-01-2014,63,1,,,,,,,,,,,,,,,,,,,,,,
5376,1969,,,2447,,,18-03-2013,0,867,,,,,,,,,,,,,,,,,,,,,,
1993,1986,,,58607,,,02-01-2013,69,384,,,,,,,,,,,,,,,,,,,,,,
4047,1989,,,65324,,,27-05-2013,89,270,,,,,,,,,,,,,,,,,,,,,,
1409,1963,,,40689,,,20-02-2013,4,36,,,,,,,,,,,,,,,,,,,,,,
7892,1970,,,18589,,,31-05-2013,96,684,,,,,,,,,,,,,,,,,,,,,,
2404,1973,,,53359,,,22-11-2013,56,8,,,,,,,,,,,,,,,,,,,,,,
5255,1943,,,38360,,,22-05-2014,31,112,,,,,,,,,,,,,,,,,,,,,,
9422,1975,,,84618,,,11-05-2013,8,110,,,,,,,,,,,,,,,,,,,,,,
1966,1996,,,10979,,,29-10-2012,55,96,,,,,,,,,,,,,,,,,,,,,,
6864,1968,,,38620,,,29-08-2013,37,482,,,,,,,,,,,,,,,,,,,,,,
3033,1964,,,40548,,,31-12-2013,76,40,,,,,,,,,,,,,,,,,,,,,,
5710,1977,,,46610,,,02-09-2013,99,702,,,,,,,,,,,,,,,,,,,,,,
7373,1978,,,68657,,,11-02-2014,3,55,,,,,,,,,,,,,,,,,,,,,,
8755,1955,,,49389,,,01-02-2013,88,437,,,,,,,,,,,,,,,,,,,,,,
10738,1966,,,67353,,,29-04-2013,80,421,,,,,,,,,,,,,,,,,,,,,,
4339,1988,,,23718,,,12-03-2013,72,13,,,,,,,,,,,,,,,,,,,,,,
10755,1948,,,42429,,,05-11-2013,24,9,,,,,,,,,,,,,,,,,,,,,,
8595,1958,,,48948,,,02-10-2013,92,81,,,,,,,,,,,,,,,,,,,,,,
2968,1972,,,80011,,,28-06-2014,39,123,,,,,,,,,,,,,,,,,,,,,,
8601,1960,,,20559,,,09-11-2012,29,48,,,,,,,,,,,,,,,,,,,,,,
503,1945,,,21994,,,24-05-2013,2,826,,,,,,,,,,,,,,,,,,,,,,
8430,1991,,,79941,,,01-01-2014,54,245,,,,,,,,,,,,,,,,,,,,,,
7281,1962,,,41728,,,08-11-2012,57,650,,,,,,,,,,,,,,,,,,,,,,
2139,1953,,,72550,,,12-05-2014,30,12,,,,,,,,,,,,,,,,,,,,,,
1371,1961,,,65486,,,11-08-2012,12,510,,,,,,,,,,,,,,,,,,,,,,
9909,1956,,,79143,,,07-06-2014,18,328,,,,,,,,,,,,,,,,,,,,,,
7286,1992,,,35790,,,12-06-2013,75,984,,,,,,,,,,,,,,,,,,,,,,
7244,1900,,,82582,,,19-11-2012,90,295,,,,,,,,,,,,,,,,,,,,,,
6566,1893,,,66373,,,02-04-2013,1,447,,,,,,,,,,,,,,,,,,,,,,
8614,1990,,,82384,,,28-04-2014,25,712,,,,,,,,,,,,,,,,,,,,,,
4114,1947,,,70287,,,17-06-2013,40,452,,,,,,,,,,,,,,,,,,,,,,
1331,1899,,,27938,,,03-03-2014,9,523,,,,,,,,,,,,,,,,,,,,,,
2225,1993,,,55954,,,04-07-2013,87,546,,,,,,,,,,,,,,,,,,,,,,
9381,1994,,,75777,,,07-09-2012,5,398,,,,,,,,,,,,,,,,,,,,,,
6260,1941,,,66653,,,18-02-2013,95,10,,,,,,,,,,,,,,,,,,,,,,
10383,1944,,,61823,,,11-06-2013,48,688,,,,,,,,,,,,,,,,,,,,,,
7437,1995,,,67680,,,06-12-2013,70,247,,,,,,,,,,,,,,,,,,,,,,
8557,1940,,,70666,,,21-05-2013,79,856,,,,,,,,,,,,,,,,,,,,,,
8375,,,,25721,,,11-05-2014,45,496,,,,,,,,,,,,,,,,,,,,,,
6853,,,,32474,,,19-03-2014,84,25,,,,,,,,,,,,,,,,,,,,,,
3076,,,,88194,,,27-09-2013,44,258,,,,,,,,,,,,,,,,,,,,,,
1012,,,,69096,,,08-04-2013,43,565,,,,,,,,,,,,,,,,,,,,,,
6518,,,,74854,,,11-09-2012,35,2,,,,,,,,,,,,,,,,,,,,,,
4137,,,,66991,,,14-09-2012,15,721,,,,,,,,,,,,,,,,,,,,,,
8082,,,,65031,,,17-03-2013,17,1032,,,,,,,,,,,,,,,,,,,,,,
1386,,,,60631,,,05-04-2013,46,577,,,,,,,,,,,,,,,,,,,,,,
9369,,,,28332,,,30-04-2014,27,64,,,,,,,,,,,,,,,,,,,,,,
4477,,,,40246,,,19-12-2012,74,163,,,,,,,,,,,,,,,,,,,,,,
1357,,,,75251,,,27-08-2012,85,17,,,,,,,,,,,,,,,,,,,,,,
1402,,,,75825,,,12-10-2012,65,130,,,,,,,,,,,,,,,,,,,,,,
10629,,,,26326,,,04-09-2013,13,292,,,,,,,,,,,,,,,,,,,,,,
6312,,,,56046,,,29-08-2012,83,350,,,,,,,,,,,,,,,,,,,,,,
8132,,,,29760,,,23-06-2013,10,135,,,,,,,,,,,,,,,,,,,,,,
1050,,,,26304,,,03-07-2013,21,230,,,,,,,,,,,,,,,,,,,,,,
5846,,,,23559,,,25-02-2014,61,7,,,,,,,,,,,,,,,,,,,,,,
1859,,,,81361,,,11-08-2013,73,445,,,,,,,,,,,,,,,,,,,,,,
7503,,,,29440,,,16-07-2013,47,15,,,,,,,,,,,,,,,,,,,,,,
10401,,,,36138,,,28-05-2014,36,27,,,,,,,,,,,,,,,,,,,,,,
1618,,,,50388,,,21-01-2014,49,505,,,,,,,,,,,,,,,,,,,,,,
3332,,,,79593,,,27-05-2014,28,51,,,,,,,,,,,,,,,,,,,,,,
2261,,,,54178,,,23-11-2013,64,207,,,,,,,,,,,,,,,,,,,,,,
5346,,,,42394,,,23-03-2014,98,41,,,,,,,,,,,,,,,,,,,,,,
4119,,,,23626,,,24-05-2014,78,386,,,,,,,,,,,,,,,,,,,,,,
535,,,,30096,,,22-11-2012,77,562,,,,,,,,,,,,,,,,,,,,,,
5268,,,,47916,,,11-04-2013,81,217,,,,,,,,,,,,,,,,,,,,,,
273,,,,51813,,,01-12-2013,14,144,,,,,,,,,,,,,,,,,,,,,,
4452,,,,78497,,,20-06-2013,52,454,,,,,,,,,,,,,,,,,,,,,,
8504,,,,50150,,,23-07-2013,93,425,,,,,,,,,,,,,,,,,,,,,,
771,,,,47823,,,30-03-2014,50,1332,,,,,,,,,,,,,,,,,,,,,,
8996,,,,34554,,,20-04-2013,60,527,,,,,,,,,,,,,,,,,,,,,,
9235,,,,85693,,,17-05-2013,66,490,,,,,,,,,,,,,,,,,,,,,,
5798,,,,65846,,,08-05-2014,97,378,,,,,,,,,,,,,,,,,,,,,,
11178,,,,87195,,,10-12-2013,62,547,,,,,,,,,,,,,,,,,,,,,,
2230,,,,24594,,,24-09-2013,6,47,,,,,,,,,,,,,,,,,,,,,,
7516,,,,49096,,,02-02-2013,33,320,,,,,,,,,,,,,,,,,,,,,,
7247,,,,52413,,,07-12-2012,67,34,,,,,,,,,,,,,,,,,,,,,,
11100,,,,38557,,,02-11-2013,22,722,,,,,,,,,,,,,,,,,,,,,,
4646,,,,89058,,,10-11-2012,71,162,,,,,,,,,,,,,,,,,,,,,,
3037,,,,77298,,,25-06-2014,7,450,,,,,,,,,,,,,,,,,,,,,,
1473,,,,68126,,,12-12-2012,,70,,,,,,,,,,,,,,,,,,,,,,
1016,,,,57288,,,10-09-2013,,352,,,,,,,,,,,,,,,,,,,,,,
4518,,,,86037,,,24-01-2014,,492,,,,,,,,,,,,,,,,,,,,,,
9370,,,,43974,,,19-02-2013,,120,,,,,,,,,,,,,,,,,,,,,,
8908,,,,50785,,,11-07-2013,,534,,,,,,,,,,,,,,,,,,,,,,
8373,,,,90765,,,14-11-2013,,236,,,,,,,,,,,,,,,,,,,,,,
7533,,,,36550,,,24-02-2014,,231,,,,,,,,,,,,,,,,,,,,,,
2683,,,,30753,,,22-04-2013,,220,,,,,,,,,,,,,,,,,,,,,,
3629,,,,21918,,,21-04-2013,,796,,,,,,,,,,,,,,,,,,,,,,
10991,,,,56129,,,08-06-2014,,0,,,,,,,,,,,,,,,,,,,,,,
5077,,,,32557,,,10-05-2014,,962,,,,,,,,,,,,,,,,,,,,,,
7431,,,,19510,,,30-09-2013,,738,,,,,,,,,,,,,,,,,,,,,,
3267,,,,30992,,,10-03-2013,,399,,,,,,,,,,,,,,,,,,,,,,
999,,,,101970,,,14-08-2013,,614,,,,,,,,,,,,,,,,,,,,,,
9215,,,,71488,,,07-07-2013,,32,,,,,,,,,,,,,,,,,,,,,,
2286,,,,79607,,,19-05-2014,,598,,,,,,,,,,,,,,,,,,,,,,
1592,,,,54348,,,28-07-2013,,73,,,,,,,,,,,,,,,,,,,,,,
367,,,,77376,,,19-10-2012,,42,,,,,,,,,,,,,,,,,,,,,,
5234,,,,62998,,,19-04-2013,,346,,,,,,,,,,,,,,,,,,,,,,
9862,,,,61331,,,28-08-2013,,888,,,,,,,,,,,,,,,,,,,,,,
9805,,,,73448,,,19-03-2013,,997,,,,,,,,,,,,,,,,,,,,,,
6205,,,,41551,,,18-10-2012,,212,,,,,,,,,,,,,,,,,,,,,,
8442,,,,62981,,,28-10-2012,,536,,,,,,,,,,,,,,,,,,,,,,
7386,,,,9548,,,22-08-2012,,1349,,,,,,,,,,,,,,,,,,,,,,
7215,,,,33762,,,21-06-2014,,1001,,,,,,,,,,,,,,,,,,,,,,
1491,,,,35860,,,24-04-2014,,20,,,,,,,,,,,,,,,,,,,,,,
11071,,,,36921,,,07-03-2014,,18,,,,,,,,,,,,,,,,,,,,,,
3381,,,,92859,,,14-12-2012,,125,,,,,,,,,,,,,,,,,,,,,,
8268,,,,65104,,,09-10-2012,,277,,,,,,,,,,,,,,,,,,,,,,
11051,,,,86111,,,08-07-2013,,85,,,,,,,,,,,,,,,,,,,,,,
8026,,,,68352,,,12-09-2013,,59,,,,,,,,,,,,,,,,,,,,,,
433,,,,41883,,,17-10-2013,,1149,,,,,,,,,,,,,,,,,,,,,,
9597,,,,59809,,,20-08-2013,,847,,,,,,,,,,,,,,,,,,,,,,
1295,,,,23957,,,01-07-2013,,29,,,,,,,,,,,,,,,,,,,,,,
5290,,,,38547,,,05-11-2012,,152,,,,,,,,,,,,,,,,,,,,,,
1685,,,,35688,,,05-01-2014,,620,,,,,,,,,,,,,,,,,,,,,,
5342,,,,49605,,,01-05-2013,,35,,,,,,,,,,,,,,,,,,,,,,
9579,,,,65747,,,01-03-2014,,356,,,,,,,,,,,,,,,,,,,,,,
7660,,,,34176,,,13-11-2013,,783,,,,,,,,,,,,,,,,,,,,,,
1461,,,,61010,,,18-11-2013,,466,,,,,,,,,,,,,,,,,,,,,,
821,,,,69372,,,21-04-2014,,23,,,,,,,,,,,,,,,,,,,,,,
11084,,,,49967,,,13-07-2013,,656,,,,,,,,,,,,,,,,,,,,,,
8690,,,,60199,,,30-01-2014,,519,,,,,,,,,,,,,,,,,,,,,,
2937,,,,55375,,,04-04-2014,,344,,,,,,,,,,,,,,,,,,,,,,
9701,,,,80317,,,12-09-2012,,448,,,,,,,,,,,,,,,,,,,,,,
9949,,,,30523,,,16-12-2012,,265,,,,,,,,,,,,,,,,,,,,,,
10837,,,,70356,,,23-05-2014,,587,,,,,,,,,,,,,,,,,,,,,,
3120,,,,23228,,,24-06-2014,,763,,,,,,,,,,,,,,,,,,,,,,
5885,,,,74165,,,28-09-2013,,22,,,,,,,,,,,,,,,,,,,,,,
4050,,,,157243,,,22-01-2014,,54,,,,,,,,,,,,,,,,,,,,,,
3830,,,,43482,,,15-06-2014,,1170,,,,,,,,,,,,,,,,,,,,,,
7987,,,,62551,,,05-12-2012,,72,,,,,,,,,,,,,,,,,,,,,,
7798,,,,52332,,,02-08-2013,,613,,,,,,,,,,,,,,,,,,,,,,
92,,,,66951,,,23-02-2013,,224,,,,,,,,,,,,,,,,,,,,,,
7055,,,,26091,,,09-09-2012,,410,,,,,,,,,,,,,,,,,,,,,,
10240,,,,33456,,,26-09-2013,,239,,,,,,,,,,,,,,,,,,,,,,
3025,,,,28718,,,30-05-2013,,171,,,,,,,,,,,,,,,,,,,,,,
9283,,,,50447,,,29-12-2013,,1076,,,,,,,,,,,,,,,,,,,,,,
9970,,,,53537,,,13-05-2014,,182,,,,,,,,,,,,,,,,,,,,,,
2730,,,,52074,,,19-09-2013,,824,,,,,,,,,,,,,,,,,,,,,,
2795,,,,80427,,,17-01-2013,,30,,,,,,,,,,,,,,,,,,,,,,
9260,,,,83837,,,31-03-2014,,377,,,,,,,,,,,,,,,,,,,,,,
8182,,,,38853,,,29-06-2014,,155,,,,,,,,,,,,,,,,,,,,,,
10095,,,,38285,,,09-12-2013,,897,,,,,,,,,,,,,,,,,,,,,,
8475,,,,51650,,,14-10-2013,,131,,,,,,,,,,,,,,,,,,,,,,
4370,,,,16248,,,02-11-2012,,297,,,,,,,,,,,,,,,,,,,,,,
10573,,,,66835,,,17-07-2013,,787,,,,,,,,,,,,,,,,,,,,,,
3712,,,,30477,,,08-12-2013,,792,,,,,,,,,,,,,,,,,,,,,,
6637,,,,28249,,,13-05-2013,,983,,,,,,,,,,,,,,,,,,,,,,
3152,,,,25271,,,10-09-2012,,415,,,,,,,,,,,,,,,,,,,,,,
5610,,,,32303,,,31-03-2013,,901,,,,,,,,,,,,,,,,,,,,,,
6460,,,,61286,,,18-03-2014,,382,,,,,,,,,,,,,,,,,,,,,,
1349,,,,74068,,,05-10-2012,,559,,,,,,,,,,,,,,,,,,,,,,
1880,,,,45759,,,21-01-2013,,789,,,,,,,,,,,,,,,,,,,,,,
641,,,,24882,,,04-05-2013,,1218,,,,,,,,,,,,,,,,,,,,,,
8717,,,,66973,,,01-04-2014,,925,,,,,,,,,,,,,,,,,,,,,,
10314,,,,36640,,,31-08-2013,,864,,,,,,,,,,,,,,,,,,,,,,
10854,,,,38872,,,14-11-2012,,960,,,,,,,,,,,,,,,,,,,,,,
10492,,,,51148,,,11-04-2014,,16,,,,,,,,,,,,,,,,,,,,,,
6935,,,,31353,,,14-04-2014,,168,,,,,,,,,,,,,,,,,,,,,,
7698,,,,69661,,,05-01-2013,,45,,,,,,,,,,,,,,,,,,,,,,
3559,,,,80067,,,08-09-2012,,24,,,,,,,,,,,,,,,,,,,,,,
10562,,,,86718,,,26-03-2013,,918,,,,,,,,,,,,,,,,,,,,,,
10796,,,,46854,,,25-10-2012,,138,,,,,,,,,,,,,,,,,,,,,,
2563,,,,69142,,,09-12-2012,,554,,,,,,,,,,,,,,,,,,,,,,
3518,,,,75922,,,16-02-2014,,167,,,,,,,,,,,,,,,,,,,,,,
5823,,,,63693,,,20-03-2013,,177,,,,,,,,,,,,,,,,,,,,,,
3934,,,,102160,,,15-05-2013,,38,,,,,,,,,,,,,,,,,,,,,,
6982,,,,40637,,,16-04-2014,,483,,,,,,,,,,,,,,,,,,,,,,
6431,,,,18890,,,23-03-2013,,77,,,,,,,,,,,,,,,,,,,,,,
9733,,,,29604,,,04-12-2013,,778,,,,,,,,,,,,,,,,,,,,,,
5602,,,,48721,,,04-10-2013,,33,,,,,,,,,,,,,,,,,,,,,,
7829,,,,44794,,,26-12-2013,,625,,,,,,,,,,,,,,,,,,,,,,
1324,,,,64497,,,17-05-2014,,216,,,,,,,,,,,,,,,,,,,,,,
326,,,,46097,,,28-10-2013,,68,,,,,,,,,,,,,,,,,,,,,,
7224,,,,77972,,,31-07-2013,,196,,,,,,,,,,,,,,,,,,,,,,
6999,,,,44377,,,28-11-2013,,204,,,,,,,,,,,,,,,,,,,,,,
9938,,,,46014,,,17-08-2012,,26,,,,,,,,,,,,,,,,,,,,,,
6422,,,,70951,,,05-06-2014,,304,,,,,,,,,,,,,,,,,,,,,,
3182,,,,41443,,,20-05-2013,,285,,,,,,,,,,,,,,,,,,,,,,
7300,,,,52195,,,09-01-2013,,395,,,,,,,,,,,,,,,,,,,,,,
10424,,,,83790,,,16-09-2013,,248,,,,,,,,,,,,,,,,,,,,,,
8727,,,,44551,,,27-10-2013,,39,,,,,,,,,,,,,,,,,,,,,,
2798,,,,69508,,,22-09-2012,,777,,,,,,,,,,,,,,,,,,,,,,
1030,,,,45204,,,13-10-2012,,1241,,,,,,,,,,,,,,,,,,,,,,
624,,,,72460,,,16-10-2012,,65,,,,,,,,,,,,,,,,,,,,,,
5176,,,,77622,,,22-10-2012,,801,,,,,,,,,,,,,,,,,,,,,,
5552,,,,30732,,,04-06-2013,,513,,,,,,,,,,,,,,,,,,,,,,
868,,,,63887,,,22-05-2013,,37,,,,,,,,,,,,,,,,,,,,,,
380,,,,42011,,,17-06-2014,,80,,,,,,,,,,,,,,,,,,,,,,
2677,,,,51369,,,23-11-2012,,525,,,,,,,,,,,,,,,,,,,,,,
6521,,,,51537,,,03-02-2013,,675,,,,,,,,,,,,,,,,,,,,,,
6927,,,,79930,,,14-03-2013,,509,,,,,,,,,,,,,,,,,,,,,,
2877,,,,34320,,,26-06-2014,,154,,,,,,,,,,,,,,,,,,,,,,
0,,,,37070,,,15-10-2012,,861,,,,,,,,,,,,,,,,,,,,,,
1584,,,,81975,,,19-06-2013,,768,,,,,,,,,,,,,,,,,,,,,,
7264,,,,38590,,,20-03-2014,,185,,,,,,,,,,,,,,,,,,,,,,
6274,,,,15033,,,04-02-2014,,44,,,,,,,,,,,,,,,,,,,,,,
1377,,,,62745,,,06-04-2014,,91,,,,,,,,,,,,,,,,,,,,,,
454,,,,22212,,,06-02-2013,,412,,,,,,,,,,,,,,,,,,,,,,
1755,,,,23661,,,11-02-2013,,731,,,,,,,,,,,,,,,,,,,,,,
2075,,,,79761,,,17-04-2014,,424,,,,,,,,,,,,,,,,,,,,,,
4785,,,,60182,,,12-07-2013,,21,,,,,,,,,,,,,,,,,,,,,,
9076,,,,73455,,,29-01-2013,,909,,,,,,,,,,,,,,,,,,,,,,
7079,,,,64961,,,08-01-2013,,317,,,,,,,,,,,,,,,,,,,,,,
4653,,,,22804,,,13-06-2013,,797,,,,,,,,,,,,,,,,,,,,,,
7375,,,,73687,,,27-12-2013,,755,,,,,,,,,,,,,,,,,,,,,,
709,,,,61074,,,31-10-2012,,456,,,,,,,,,,,,,,,,,,,,,,
460,,,,31686,,,15-01-2014,,1103,,,,,,,,,,,,,,,,,,,,,,
3726,,,,80134,,,23-08-2012,,189,,,,,,,,,,,,,,,,,,,,,,
6798,,,,75027,,,07-03-2013,,495,,,,,,,,,,,,,,,,,,,,,,
5341,,,,67546,,,13-01-2013,,1048,,,,,,,,,,,,,,,,,,,,,,
1606,,,,65176,,,12-01-2013,,78,,,,,,,,,,,,,,,,,,,,,,
9617,,,,31160,,,17-03-2014,,561,,,,,,,,,,,,,,,,,,,,,,
3233,,,,29938,,,12-10-2013,,629,,,,,,,,,,,,,,,,,,,,,,
89,,,,102692,,,13-04-2014,,269,,,,,,,,,,,,,,,,,,,,,,
2936,,,,26490,,,18-09-2012,,736,,,,,,,,,,,,,,,,,,,,,,
9449,,,,75702,,,05-03-2014,,512,,,,,,,,,,,,,,,,,,,,,,
7297,,,,30899,,,27-04-2013,,19,,,,,,,,,,,,,,,,,,,,,,
11004,,,,63342,,,18-01-2014,,404,,,,,,,,,,,,,,,,,,,,,,
313,,,,45989,,,03-06-2013,,333,,,,,,,,,,,,,,,,,,,,,,
9940,,,,18701,,,17-12-2013,,833,,,,,,,,,,,,,,,,,,,,,,
10735,,,,40737,,,11-03-2014,,159,,,,,,,,,,,,,,,,,,,,,,
9529,,,,15287,,,29-07-2013,,977,,,,,,,,,,,,,,,,,,,,,,
6439,,,,69674,,,14-08-2012,,57,,,,,,,,,,,,,,,,,,,,,,
7411,,,,44159,,,23-08-2013,,1043,,,,,,,,,,,,,,,,,,,,,,
2176,,,,37717,,,09-02-2014,,43,,,,,,,,,,,,,,,,,,,,,,
9265,,,,43776,,,07-02-2013,,314,,,,,,,,,,,,,,,,,,,,,,
8867,,,,38179,,,11-01-2013,,571,,,,,,,,,,,,,,,,,,,,,,
8932,,,,80124,,,05-07-2013,,866,,,,,,,,,,,,,,,,,,,,,,
10236,,,,38097,,,02-07-2013,,594,,,,,,,,,,,,,,,,,,,,,,
6340,,,,72940,,,07-11-2013,,140,,,,,,,,,,,,,,,,,,,,,,
10089,,,,22070,,,09-05-2013,,375,,,,,,,,,,,,,,,,,,,,,,
2227,,,,69267,,,13-02-2013,,102,,,,,,,,,,,,,,,,,,,,,,
10992,,,,31788,,,16-04-2013,,919,,,,,,,,,,,,,,,,,,,,,,
5304,,,,61905,,,11-09-2013,,610,,,,,,,,,,,,,,,,,,,,,,
309,,,,29315,,,03-04-2013,,67,,,,,,,,,,,,,,,,,,,,,,
3406,,,,33378,,,10-01-2013,,416,,,,,,,,,,,,,,,,,,,,,,
2661,,,,66313,,,30-06-2013,,370,,,,,,,,,,,,,,,,,,,,,,
3153,,,,60714,,,06-12-2012,,407,,,,,,,,,,,,,,,,,,,,,,
10264,,,,77882,,,12-11-2012,,1200,,,,,,,,,,,,,,,,,,,,,,
1184,,,,69867,,,03-03-2013,,583,,,,,,,,,,,,,,,,,,,,,,
4200,,,,63841,,,10-08-2012,,966,,,,,,,,,,,,,,,,,,,,,,
9396,,,,24480,,,07-12-2013,,822,,,,,,,,,,,,,,,,,,,,,,
2387,,,,65640,,,15-08-2013,,604,,,,,,,,,,,,,,,,,,,,,,
6690,,,,44319,,,10-11-2013,,1285,,,,,,,,,,,,,,,,,,,,,,
1225,,,,30631,,,16-06-2014,,551,,,,,,,,,,,,,,,,,,,,,,
9703,,,,75278,,,25-12-2012,,800,,,,,,,,,,,,,,,,,,,,,,
291,,,,50898,,,03-01-2014,,1248,,,,,,,,,,,,,,,,,,,,,,
4557,,,,79946,,,27-10-2012,,515,,,,,,,,,,,,,,,,,,,,,,
2379,,,,35416,,,22-12-2012,,438,,,,,,,,,,,,,,,,,,,,,,
5726,,,,32414,,,29-11-2013,,31,,,,,,,,,,,,,,,,,,,,,,
3066,,,,38361,,,08-10-2013,,357,,,,,,,,,,,,,,,,,,,,,,
6336,,,,82497,,,28-09-2012,,400,,,,,,,,,,,,,,,,,,,,,,
10967,,,,16626,,,22-03-2014,,99,,,,,,,,,,,,,,,,,,,,,,
2304,,,,29672,,,28-12-2012,,208,,,,,,,,,,,,,,,,,,,,,,
3445,,,,55951,,,21-08-2012,,430,,,,,,,,,,,,,,,,,,,,,,
7828,,,,35388,,,16-03-2013,,141,,,,,,,,,,,,,,,,,,,,,,
3762,,,,42386,,,17-11-2012,,507,,,,,,,,,,,,,,,,,,,,,,
4391,,,,68627,,,01-12-2012,,164,,,,,,,,,,,,,,,,,,,,,,
4669,,,,57912,,,22-04-2014,,606,,,,,,,,,,,,,,,,,,,,,,
10144,,,,35246,,,11-11-2012,,116,,,,,,,,,,,,,,,,,,,,,,
8652,,,,58821,,,22-06-2013,,143,,,,,,,,,,,,,,,,,,,,,,
1672,,,,46377,,,18-08-2012,,522,,,,,,,,,,,,,,,,,,,,,,
8962,,,,39747,,,30-12-2012,,161,,,,,,,,,,,,,,,,,,,,,,
9974,,,,23976,,,14-06-2013,,1239,,,,,,,,,,,,,,,,,,,,,,
10983,,,,80950,,,16-10-2013,,335,,,,,,,,,,,,,,,,,,,,,,
8148,,,,27038,,,30-08-2012,,639,,,,,,,,,,,,,,,,,,,,,,
10102,,,,77457,,,04-05-2014,,563,,,,,,,,,,,,,,,,,,,,,,
4697,,,,64100,,,18-04-2013,,746,,,,,,,,,,,,,,,,,,,,,,
9262,,,,42670,,,06-10-2013,,478,,,,,,,,,,,,,,,,,,,,,,
7254,,,,12571,,,15-09-2012,,451,,,,,,,,,,,,,,,,,,,,,,
4543,,,,22574,,,27-09-2012,,371,,,,,,,,,,,,,,,,,,,,,,
4927,,,,70893,,,11-03-2013,,281,,,,,,,,,,,,,,,,,,,,,,
10451,,,,54198,,,22-10-2013,,213,,,,,,,,,,,,,,,,,,,,,,
2926,,,,28839,,,09-06-2014,,502,,,,,,,,,,,,,,,,,,,,,,
2874,,,,40321,,,30-05-2014,,691,,,,,,,,,,,,,,,,,,,,,,
9738,,,,66503,,,17-10-2012,,504,,,,,,,,,,,,,,,,,,,,,,
7119,,,,30833,,,30-03-2013,,1396,,,,,,,,,,,,,,,,,,,,,,
3924,,,,64795,,,23-01-2013,,529,,,,,,,,,,,,,,,,,,,,,,
5827,,,,34421,,,20-11-2013,,388,,,,,,,,,,,,,,,,,,,,,,
5596,,,,47025,,,14-02-2014,,1047,,,,,,,,,,,,,,,,,,,,,,
10812,,,,64325,,,22-02-2013,,815,,,,,,,,,,,,,,,,,,,,,,
1717,,,,40464,,,05-03-2013,,225,,,,,,,,,,,,,,,,,,,,,,
9491,,,,62187,,,06-05-2014,,493,,,,,,,,,,,,,,,,,,,,,,
9274,,,,14849,,,13-04-2013,,127,,,,,,,,,,,,,,,,,,,,,,
6609,,,,27255,,,05-04-2014,,325,,,,,,,,,,,,,,,,,,,,,,
6963,,,,54432,,,25-04-2013,,238,,,,,,,,,,,,,,,,,,,,,,
4440,,,,29999,,,25-11-2013,,1168,,,,,,,,,,,,,,,,,,,,,,
1379,,,,24072,,,02-02-2014,,284,,,,,,,,,,,,,,,,,,,,,,
10032,,,,33996,,,21-06-2013,,1288,,,,,,,,,,,,,,,,,,,,,,
2826,,,,66334,,,21-12-2013,,227,,,,,,,,,,,,,,,,,,,,,,
2437,,,,35178,,,07-09-2013,,1035,,,,,,,,,,,,,,,,,,,,,,
6320,,,,22010,,,22-08-2013,,982,,,,,,,,,,,,,,,,,,,,,,
3050,,,,62204,,,20-12-2013,,179,,,,,,,,,,,,,,,,,,,,,,
231,,,,75693,,,06-08-2013,,1379,,,,,,,,,,,,,,,,,,,,,,
2392,,,,30675,,,09-10-2013,,881,,,,,,,,,,,,,,,,,,,,,,
9478,,,,83003,,,09-06-2013,,1000,,,,,,,,,,,,,,,,,,,,,,
113,,,,83532,,,22-12-2013,,206,,,,,,,,,,,,,,,,,,,,,,
2863,,,,68655,,,02-05-2013,,619,,,,,,,,,,,,,,,,,,,,,,
1802,,,,41411,,,16-02-2013,,172,,,,,,,,,,,,,,,,,,,,,,
520,,,,55212,,,20-08-2012,,464,,,,,,,,,,,,,,,,,,,,,,
8275,,,,59292,,,01-04-2013,,63,,,,,,,,,,,,,,,,,,,,,,
9750,,,,27190,,,25-05-2014,,252,,,,,,,,,,,,,,,,,,,,,,
2607,,,,82623,,,25-09-2012,,1478,,,,,,,,,,,,,,,,,,,,,,
7214,,,,44300,,,22-09-2013,,198,,,,,,,,,,,,,,,,,,,,,,
5835,,,,84835,,,28-01-2014,,458,,,,,,,,,,,,,,,,,,,,,,
3896,,,,30372,,,23-04-2013,,90,,,,,,,,,,,,,,,,,,,,,,
10350,,,,33181,,,06-03-2014,,308,,,,,,,,,,,,,,,,,,,,,,
7786,,,,71113,,,15-08-2012,,557,,,,,,,,,,,,,,,,,,,,,,
2861,,,,71952,,,27-03-2013,,1492,,,,,,,,,,,,,,,,,,,,,,
663,,,,69759,,,10-10-2013,,249,,,,,,,,,,,,,,,,,,,,,,
10675,,,,72099,,,04-08-2012,,465,,,,,,,,,,,,,,,,,,,,,,
2521,,,,60000,,,18-05-2014,,129,,,,,,,,,,,,,,,,,,,,,,
9592,,,,38643,,,09-05-2014,,174,,,,,,,,,,,,,,,,,,,,,,
10151,,,,50737,,,23-10-2012,,747,,,,,,,,,,,,,,,,,,,,,,
7381,,,,68462,,,30-12-2013,,98,,,,,,,,,,,,,,,,,,,,,,
4099,,,,65073,,,19-08-2012,,200,,,,,,,,,,,,,,,,,,,,,,
9560,,,,46681,,,30-10-2013,,1050,,,,,,,,,,,,,,,,,,,,,,
1150,,,,78618,,,26-06-2013,,117,,,,,,,,,,,,,,,,,,,,,,
10172,,,,28442,,,26-01-2014,,56,,,,,,,,,,,,,,,,,,,,,,
11191,,,,51479,,,24-09-2012,,145,,,,,,,,,,,,,,,,,,,,,,
9707,,,,54803,,,03-12-2012,,203,,,,,,,,,,,,,,,,,,,,,,
6245,,,,79530,,,27-11-2013,,46,,,,,,,,,,,,,,,,,,,,,,
8234,,,,31615,,,06-08-2012,,1060,,,,,,,,,,,,,,,,,,,,,,
1411,,,,72025,,,29-12-2012,,264,,,,,,,,,,,,,,,,,,,,,,
8553,,,,52614,,,24-08-2012,,817,,,,,,,,,,,,,,,,,,,,,,
1826,,,,35684,,,07-11-2012,,526,,,,,,,,,,,,,,,,,,,,,,
8842,,,,48178,,,02-12-2013,,88,,,,,,,,,,,,,,,,,,,,,,
11030,,,,29548,,,19-07-2013,,101,,,,,,,,,,,,,,,,,,,,,,
2579,,,,63810,,,25-05-2013,,389,,,,,,,,,,,,,,,,,,,,,,
175,,,,38578,,,20-10-2013,,215,,,,,,,,,,,,,,,,,,,,,,
9185,,,,46098,,,14-04-2013,,390,,,,,,,,,,,,,,,,,,,,,,
11056,,,,22585,,,27-01-2014,,1181,,,,,,,,,,,,,,,,,,,,,,
9365,,,,30279,,,16-08-2013,,603,,,,,,,,,,,,,,,,,,,,,,
6201,,,,66426,,,30-09-2012,,514,,,,,,,,,,,,,,,,,,,,,,
2061,,,,30822,,,04-12-2012,,387,,,,,,,,,,,,,,,,,,,,,,
6184,,,,33581,,,12-08-2012,,121,,,,,,,,,,,,,,,,,,,,,,
6142,,,,19986,,,03-11-2013,,965,,,,,,,,,,,,,,,,,,,,,,
4107,,,,27421,,,15-02-2013,,707,,,,,,,,,,,,,,,,,,,,,,
7274,,,,36143,,,18-09-2013,,586,,,,,,,,,,,,,,,,,,,,,,
9336,,,,10245,,,18-06-2014,,1063,,,,,,,,,,,,,,,,,,,,,,
2958,,,,43795,,,24-04-2013,,305,,,,,,,,,,,,,,,,,,,,,,
933,,,,63381,,,15-02-2014,,1009,,,,,,,,,,,,,,,,,,,,,,
5837,,,,38823,,,08-08-2013,,315,,,,,,,,,,,,,,,,,,,,,,
10704,,,,83664,,,23-12-2013,,757,,,,,,,,,,,,,,,,,,,,,,
5125,,,,90300,,,28-11-2012,,219,,,,,,,,,,,,,,,,,,,,,,
4432,,,,62499,,,07-08-2013,,111,,,,,,,,,,,,,,,,,,,,,,
5955,,,,74293,,,07-01-2014,,100,,,,,,,,,,,,,,,,,,,,,,
2928,,,,51012,,,03-12-2013,,418,,,,,,,,,,,,,,,,,,,,,,
5680,,,,70777,,,29-03-2014,,327,,,,,,,,,,,,,,,,,,,,,,
10313,,,,68682,,,08-04-2014,,275,,,,,,,,,,,,,,,,,,,,,,
2557,,,,43824,,,07-02-2014,,1004,,,,,,,,,,,,,,,,,,,,,,
1245,,,,15345,,,06-11-2013,,187,,,,,,,,,,,,,,,,,,,,,,
1519,,,,23442,,,01-03-2013,,365,,,,,,,,,,,,,,,,,,,,,,
10703,,,,14515,,,03-08-2013,,595,,,,,,,,,,,,,,,,,,,,,,
1726,,,,31395,,,16-06-2013,,1132,,,,,,,,,,,,,,,,,,,,,,
4459,,,,75276,,,25-06-2013,,372,,,,,,,,,,,,,,,,,,,,,,
1729,,,,42373,,,13-09-2013,,899,,,,,,,,,,,,,,,,,,,,,,
1517,,,,30507,,,01-08-2013,,760,,,,,,,,,,,,,,,,,,,,,,
2098,,,,55521,,,31-01-2013,,260,,,,,,,,,,,,,,,,,,,,,,
9543,,,,48006,,,09-07-2013,,459,,,,,,,,,,,,,,,,,,,,,,
6878,,,,27213,,,15-04-2013,,92,,,,,,,,,,,,,,,,,,,,,,
3310,,,,65808,,,03-04-2014,,273,,,,,,,,,,,,,,,,,,,,,,
2724,,,,50437,,,18-04-2014,,434,,,,,,,,,,,,,,,,,,,,,,
948,,,,23616,,,23-09-2012,,321,,,,,,,,,,,,,,,,,,,,,,
6720,,,,53858,,,14-09-2013,,1184,,,,,,,,,,,,,,,,,,,,,,
6202,,,,66465,,,26-10-2012,,537,,,,,,,,,,,,,,,,,,,,,,
2066,,,,46923,,,19-10-2013,,664,,,,,,,,,,,,,,,,,,,,,,
9799,,,,75072,,,21-02-2013,,299,,,,,,,,,,,,,,,,,,,,,,
8318,,,,75865,,,17-09-2013,,749,,,,,,,,,,,,,,,,,,,,,,
5642,,,,19789,,,26-01-2013,,345,,,,,,,,,,,,,,,,,,,,,,
2669,,,,91065,,,07-05-2014,,440,,,,,,,,,,,,,,,,,,,,,,
455,,,,49505,,,19-08-2013,,670,,,,,,,,,,,,,,,,,,,,,,
7683,,,,37401,,,18-07-2013,,524,,,,,,,,,,,,,,,,,,,,,,
3428,,,,18492,,,11-12-2012,,597,,,,,,,,,,,,,,,,,,,,,,
7414,,,,82584,,,26-07-2013,,294,,,,,,,,,,,,,,,,,,,,,,
6354,,,,93027,,,06-05-2013,,349,,,,,,,,,,,,,,,,,,,,,,
798,,,,48686,,,14-07-2013,,1126,,,,,,,,,,,,,,,,,,,,,,
8213,,,,92910,,,10-03-2014,,967,,,,,,,,,,,,,,,,,,,,,,
2488,,,,75433,,,28-12-2013,,432,,,,,,,,,,,,,,,,,,,,,,
9999,,,,10404,,,20-01-2013,,948,,,,,,,,,,,,,,,,,,,,,,
7617,,,,61314,,,21-09-2012,,307,,,,,,,,,,,,,,,,,,,,,,
615,,,,84865,,,06-09-2012,,283,,,,,,,,,,,,,,,,,,,,,,
2552,,,,42387,,,18-12-2012,,769,,,,,,,,,,,,,,,,,,,,,,
194,,,,67309,,,19-11-2013,,518,,,,,,,,,,,,,,,,,,,,,,
3645,,,,75236,,,13-06-2014,,709,,,,,,,,,,,,,,,,,,,,,,
8890,,,,30015,,,07-05-2013,,359,,,,,,,,,,,,,,,,,,,,,,
5049,,,,50943,,,18-08-2013,,799,,,,,,,,,,,,,,,,,,,,,,
9973,,,,67272,,,13-12-2013,,895,,,,,,,,,,,,,,,,,,,,,,
7301,,,,51529,,,17-02-2014,,647,,,,,,,,,,,,,,,,,,,,,,
10882,,,,32011,,,03-08-2012,,301,,,,,,,,,,,,,,,,,,,,,,
7030,,,,28691,,,04-01-2014,,180,,,,,,,,,,,,,,,,,,,,,,
7422,,,,56223,,,21-10-2013,,794,,,,,,,,,,,,,,,,,,,,,,
3523,,,,18100,,,25-12-2013,,392,,,,,,,,,,,,,,,,,,,,,,
7106,,,,20130,,,01-01-2013,,107,,,,,,,,,,,,,,,,,,,,,,
6504,,,,23295,,,16-05-2013,,680,,,,,,,,,,,,,,,,,,,,,,
5067,,,,42618,,,25-09-2013,,324,,,,,,,,,,,,,,,,,,,,,,
4216,,,,81246,,,08-11-2013,,229,,,,,,,,,,,,,,,,,,,,,,
8581,,,,24027,,,16-12-2013,,521,,,,,,,,,,,,,,,,,,,,,,
5929,,,,55707,,,30-10-2012,,184,,,,,,,,,,,,,,,,,,,,,,
3129,,,,57959,,,02-01-2014,,183,,,,,,,,,,,,,,,,,,,,,,
6528,,,,56796,,,18-10-2013,,479,,,,,,,,,,,,,,,,,,,,,,
1361,,,,36230,,,25-07-2013,,584,,,,,,,,,,,,,,,,,,,,,,
6932,,,,70829,,,24-10-2013,,627,,,,,,,,,,,,,,,,,,,,,,
7284,,,,65991,,,19-12-2013,,330,,,,,,,,,,,,,,,,,,,,,,
1340,,,,38988,,,16-05-2014,,1039,,,,,,,,,,,,,,,,,,,,,,
8746,,,,89572,,,04-10-2012,,411,,,,,,,,,,,,,,,,,,,,,,
5987,,,,42207,,,25-08-2013,,623,,,,,,,,,,,,,,,,,,,,,,
3767,,,,50300,,,29-05-2013,,393,,,,,,,,,,,,,,,,,,,,,,
3725,,,,66664,,,26-03-2014,,376,,,,,,,,,,,,,,,,,,,,,,
4324,,,,60597,,,09-04-2014,,642,,,,,,,,,,,,,,,,,,,,,,
238,,,,70165,,,12-03-2014,,840,,,,,,,,,,,,,,,,,,,,,,
6694,,,,50520,,,29-04-2014,,752,,,,,,,,,,,,,,,,,,,,,,
498,,,,33183,,,27-06-2014,,1279,,,,,,,,,,,,,,,,,,,,,,
9347,,,,66582,,,10-04-2013,,860,,,,,,,,,,,,,,,,,,,,,,
9699,,,,75261,,,21-11-2013,,351,,,,,,,,,,,,,,,,,,,,,,
10664,,,,31880,,,21-10-2012,,336,,,,,,,,,,,,,,,,,,,,,,
5455,,,,53790,,,14-05-2013,,191,,,,,,,,,,,,,,,,,,,,,,
456,,,,49269,,,01-08-2012,,362,,,,,,,,,,,,,,,,,,,,,,
5012,,,,61456,,,25-01-2014,,724,,,,,,,,,,,,,,,,,,,,,,
7495,,,,37406,,,11-10-2013,,605,,,,,,,,,,,,,,,,,,,,,,
5029,,,,56937,,,07-08-2012,,104,,,,,,,,,,,,,,,,,,,,,,
10642,,,,38415,,,29-03-2013,,556,,,,,,,,,,,,,,,,,,,,,,
2106,,,,20518,,,03-06-2014,,408,,,,,,,,,,,,,,,,,,,,,,
10364,,,,62503,,,09-08-2012,,374,,,,,,,,,,,,,,,,,,,,,,
5954,,,,41644,,,06-03-2013,,600,,,,,,,,,,,,,,,,,,,,,,
1137,,,,55842,,,12-05-2013,,243,,,,,,,,,,,,,,,,,,,,,,
2541,,,,62010,,,09-03-2014,,1308,,,,,,,,,,,,,,,,,,,,,,
1142,,,,41124,,,15-09-2013,,379,,,,,,,,,,,,,,,,,,,,,,
2276,,,,38961,,,29-01-2014,,889,,,,,,,,,,,,,,,,,,,,,,
2807,,,,32233,,,03-10-2013,,852,,,,,,,,,,,,,,,,,,,,,,
6471,,,,43057,,,28-02-2013,,205,,,,,,,,,,,,,,,,,,,,,,
6131,,,,83151,,,02-05-2014,,255,,,,,,,,,,,,,,,,,,,,,,
6233,,,,78825,,,09-02-2013,,825,,,,,,,,,,,,,,,,,,,,,,
4148,,,,60093,,,15-03-2013,,316,,,,,,,,,,,,,,,,,,,,,,
4947,,,,14045,,,10-05-2013,,756,,,,,,,,,,,,,,,,,,,,,,
3225,,,,28457,,,05-09-2012,,181,,,,,,,,,,,,,,,,,,,,,,
7540,,,,78952,,,01-09-2013,,151,,,,,,,,,,,,,,,,,,,,,,
10648,,,,46310,,,26-05-2013,,494,,,,,,,,,,,,,,,,,,,,,,
1992,,,,76005,,,12-12-2013,,953,,,,,,,,,,,,,,,,,,,,,,
7851,,,,58308,,,08-12-2012,,770,,,,,,,,,,,,,,,,,,,,,,
8594,,,,55614,,,30-08-2013,,741,,,,,,,,,,,,,,,,,,,,,,
7059,,,,59432,,,18-12-2013,,156,,,,,,,,,,,,,,,,,,,,,,
2815,,,,55563,,,18-06-2013,,812,,,,,,,,,,,,,,,,,,,,,,
2416,,,,78642,,,29-05-2014,,871,,,,,,,,,,,,,,,,,,,,,,
7999,,,,67911,,,15-01-2013,,471,,,,,,,,,,,,,,,,,,,,,,
9213,,,,65275,,,29-10-2013,,819,,,,,,,,,,,,,,,,,,,,,,
9697,,,,27203,,,02-03-2013,,354,,,,,,,,,,,,,,,,,,,,,,
3916,,,,48330,,,14-12-2013,,1253,,,,,,,,,,,,,,,,,,,,,,
2021,,,,24279,,,19-01-2013,,588,,,,,,,,,,,,,,,,,,,,,,
1581,,,,64355,,,06-04-2013,,480,,,,,,,,,,,,,,,,,,,,,,
564,,,,53653,,,04-11-2013,,517,,,,,,,,,,,,,,,,,,,,,,
6619,,,,65665,,,22-03-2013,,267,,,,,,,,,,,,,,,,,,,,,,
9081,,,,81217,,,31-05-2014,,1111,,,,,,,,,,,,,,,,,,,,,,
178,,,,34935,,,04-02-2013,,1166,,,,,,,,,,,,,,,,,,,,,,
916,,,,61250,,,05-05-2013,,261,,,,,,,,,,,,,,,,,,,,,,
5512,,,,39665,,,14-02-2013,,711,,,,,,,,,,,,,,,,,,,,,,
8970,,,,60152,,,21-03-2014,,79,,,,,,,,,,,,,,,,,,,,,,
10581,,,,48920,,,05-08-2013,,115,,,,,,,,,,,,,,,,,,,,,,
5300,,,,89120,,,29-11-2012,,263,,,,,,,,,,,,,,,,,,,,,,
5154,,,,44124,,,27-07-2013,,69,,,,,,,,,,,,,,,,,,,,,,
8346,,,,81169,,,13-01-2014,,97,,,,,,,,,,,,,,,,,,,,,,
1676,,,,36443,,,29-09-2012,,197,,,,,,,,,,,,,,,,,,,,,,
9286,,,,26095,,,23-10-2013,,693,,,,,,,,,,,,,,,,,,,,,,
2426,,,,71367,,,06-11-2012,,186,,,,,,,,,,,,,,,,,,,,,,
5172,,,,80184,,,26-05-2014,,829,,,,,,,,,,,,,,,,,,,,,,
5562,,,,30630,,,04-03-2014,,318,,,,,,,,,,,,,,,,,,,,,,
3436,,,,73454,,,06-01-2014,,1206,,,,,,,,,,,,,,,,,,,,,,
3921,,,,42691,,,11-06-2014,,729,,,,,,,,,,,,,,,,,,,,,,
3403,,,,70503,,,19-06-2014,,674,,,,,,,,,,,,,,,,,,,,,,
22,,,,25545,,,26-11-2012,,1023,,,,,,,,,,,,,,,,,,,,,,
10965,,,,32880,,,11-12-2013,,1394,,,,,,,,,,,,,,,,,,,,,,
9426,,,,77863,,,14-01-2014,,311,,,,,,,,,,,,,,,,,,,,,,
6605,,,,50353,,,23-01-2014,,1296,,,,,,,,,,,,,,,,,,,,,,
3136,,,,61839,,,24-03-2013,,218,,,,,,,,,,,,,,,,,,,,,,
8737,,,,49154,,,29-06-2013,,66,,,,,,,,,,,,,,,,,,,,,,
11088,,,,47682,,,25-01-2013,,795,,,,,,,,,,,,,,,,,,,,,,
716,,,,72679,,,17-11-2013,,244,,,,,,,,,,,,,,,,,,,,,,
466,,,,57954,,,18-05-2013,,158,,,,,,,,,,,,,,,,,,,,,,
9135,,,,65316,,,17-04-2013,,223,,,,,,,,,,,,,,,,,,,,,,
10623,,,,28567,,,24-01-2013,,157,,,,,,,,,,,,,,,,,,,,,,
8151,,,,47352,,,09-08-2013,,397,,,,,,,,,,,,,,,,,,,,,,
5140,,,,44931,,,10-06-2013,,1230,,,,,,,,,,,,,,,,,,,,,,
10160,,,,76982,,,20-07-2013,,986,,,,,,,,,,,,,,,,,,,,,,
4945,,,,57247,,,28-05-2013,,61,,,,,,,,,,,,,,,,,,,,,,
10584,,,,22944,,,04-03-2013,,201,,,,,,,,,,,,,,,,,,,,,,
6071,,,,25315,,,01-10-2012,,806,,,,,,,,,,,,,,,,,,,,,,
3386,,,,43638,,,10-02-2013,,380,,,,,,,,,,,,,,,,,,,,,,
8939,,,,42710,,,14-10-2012,,576,,,,,,,,,,,,,,,,,,,,,,
9925,,,,84169,,,03-02-2014,,403,,,,,,,,,,,,,,,,,,,,,,
4320,,,,54058,,,22-06-2014,,463,,,,,,,,,,,,,,,,,,,,,,
5389,,,,24683,,,25-10-2013,,75,,,,,,,,,,,,,,,,,,,,,,
6036,,,,85620,,,18-02-2014,,538,,,,,,,,,,,,,,,,,,,,,,
182,,,,47850,,,09-11-2013,,1315,,,,,,,,,,,,,,,,,,,,,,
203,,,,19514,,,13-08-2013,,347,,,,,,,,,,,,,,,,,,,,,,
11025,,,,27159,,,25-08-2012,,192,,,,,,,,,,,,,,,,,,,,,,
10203,,,,39548,,,19-04-2014,,241,,,,,,,,,,,,,,,,,,,,,,
4607,,,,21474,,,07-04-2014,,631,,,,,,,,,,,,,,,,,,,,,,
3711,,,,60504,,,03-01-2013,,1099,,,,,,,,,,,,,,,,,,,,,,
3696,,,,22419,,,04-11-2012,,743,,,,,,,,,,,,,,,,,,,,,,
2532,,,,81698,,,22-01-2013,,124,,,,,,,,,,,,,,,,,,,,,,
9214,,,,43462,,,26-02-2014,,530,,,,,,,,,,,,,,,,,,,,,,
4943,,,,54880,,,23-04-2014,,1215,,,,,,,,,,,,,,,,,,,,,,
35,,,,79908,,,30-07-2013,,444,,,,,,,,,,,,,,,,,,,,,,
2258,,,,15315,,,13-10-2013,,473,,,,,,,,,,,,,,,,,,,,,,
4322,,,,87771,,,27-11-2012,,288,,,,,,,,,,,,,,,,,,,,,,
713,,,,33039,,,01-05-2014,,234,,,,,,,,,,,,,,,,,,,,,,
4702,,,,81741,,,30-11-2012,,251,,,,,,,,,,,,,,,,,,,,,,
3281,,,,71499,,,17-08-2013,,652,,,,,,,,,,,,,,,,,,,,,,
702,,,,62466,,,04-01-2013,,938,,,,,,,,,,,,,,,,,,,,,,
2004,,,,48799,,,03-05-2014,,105,,,,,,,,,,,,,,,,,,,,,,
4769,,,,52157,,,26-04-2014,,574,,,,,,,,,,,,,,,,,,,,,,
4437,,,,66565,,,02-06-2014,,160,,,,,,,,,,,,,,,,,,,,,,
8724,,,,29298,,,26-10-2013,,211,,,,,,,,,,,,,,,,,,,,,,
10741,,,,47691,,,24-03-2014,,391,,,,,,,,,,,,,,,,,,,,,,
1991,,,,38200,,,25-02-2013,,199,,,,,,,,,,,,,,,,,,,,,,
6931,,,,44989,,,20-09-2013,,516,,,,,,,,,,,,,,,,,,,,,,
11096,,,,38443,,,16-01-2013,,1224,,,,,,,,,,,,,,,,,,,,,,
304,,,,38593,,,24-12-2013,,508,,,,,,,,,,,,,,,,,,,,,,
3665,,,,64413,,,18-11-2012,,381,,,,,,,,,,,,,,,,,,,,,,
10591,,,,36959,,,05-08-2012,,74,,,,,,,,,,,,,,,,,,,,,,
5036,,,,61996,,,03-05-2013,,146,,,,,,,,,,,,,,,,,,,,,,
5547,,,,51287,,,12-11-2013,,165,,,,,,,,,,,,,,,,,,,,,,
7822,,,,13260,,,06-07-2013,,957,,,,,,,,,,,,,,,,,,,,,,
8541,,,,47472,,,21-07-2013,,176,,,,,,,,,,,,,,,,,,,,,,
10955,,,,54603,,,20-10-2012,,717,,,,,,,,,,,,,,,,,,,,,,
4368,,,,45207,,,23-05-2013,,1067,,,,,,,,,,,,,,,,,,,,,,
9671,,,,47821,,,26-08-2012,,166,,,,,,,,,,,,,,,,,,,,,,
2256,,,,27450,,,12-01-2014,,714,,,,,,,,,,,,,,,,,,,,,,
4279,,,,39453,,,13-02-2014,,735,,,,,,,,,,,,,,,,,,,,,,
5371,,,,26850,,,27-02-2014,,342,,,,,,,,,,,,,,,,,,,,,,
9240,,,,79800,,,20-04-2014,,658,,,,,,,,,,,,,,,,,,,,,,
9460,,,,61794,,,28-06-2013,,457,,,,,,,,,,,,,,,,,,,,,,
9504,,,,53863,,,28-04-2013,,210,,,,,,,,,,,,,,,,,,,,,,
8692,,,,24221,,,21-03-2013,,441,,,,,,,,,,,,,,,,,,,,,,
448,,,,39684,,,27-08-2013,,476,,,,,,,,,,,,,,,,,,,,,,
8314,,,,92163,,,30-07-2012,,364,,,,,,,,,,,,,,,,,,,,,,
8420,,,,69882,,,05-12-2013,,863,,,,,,,,,,,,,,,,,,,,,,
3174,,,,33178,,,08-02-2013,,1156,,,,,,,,,,,,,,,,,,,,,,
7685,,,,59973,,,21-11-2012,,373,,,,,,,,,,,,,,,,,,,,,,
3179,,,,17459,,,26-02-2013,,134,,,,,,,,,,,,,,,,,,,,,,
9780,,,,23910,,,20-09-2012,,1148,,,,,,,,,,,,,,,,,,,,,,
10681,,,,42169,,,08-06-2013,,108,,,,,,,,,,,,,,,,,,,,,,
10232,,,,26224,,,05-09-2013,,816,,,,,,,,,,,,,,,,,,,,,,
4184,,,,31089,,,12-04-2014,,1298,,,,,,,,,,,,,,,,,,,,,,
9120,,,,30081,,,24-06-2013,,87,,,,,,,,,,,,,,,,,,,,,,
891,,,,62807,,,19-02-2014,,964,,,,,,,,,,,,,,,,,,,,,,
10381,,,,72906,,,27-12-2012,,572,,,,,,,,,,,,,,,,,,,,,,
3525,,,,61467,,,01-11-2012,,341,,,,,,,,,,,,,,,,,,,,,,
6818,,,,49618,,,22-07-2013,,221,,,,,,,,,,,,,,,,,,,,,,
3526,,,,21888,,,31-01-2014,,291,,,,,,,,,,,,,,,,,,,,,,
8181,,,,26150,,,26-08-2013,,544,,,,,,,,,,,,,,,,,,,,,,
1029,,,,30801,,,01-10-2013,,309,,,,,,,,,,,,,,,,,,,,,,
7369,,,,81168,,,10-06-2014,,972,,,,,,,,,,,,,,,,,,,,,,
2574,,,,26877,,,01-02-2014,,279,,,,,,,,,,,,,,,,,,,,,,
8159,,,,45006,,,03-09-2012,,132,,,,,,,,,,,,,,,,,,,,,,
1160,,,,18978,,,26-09-2012,,62,,,,,,,,,,,,,,,,,,,,,,
10242,,,,48240,,,31-07-2012,,952,,,,,,,,,,,,,,,,,,,,,,
5253,,,,45837,,,02-12-2012,,618,,,,,,,,,,,,,,,,,,,,,,
5966,,,,35791,,,05-05-2014,,303,,,,,,,,,,,,,,,,,,,,,,
5314,,,,162397,,,06-10-2012,,95,,,,,,,,,,,,,,,,,,,,,,
5081,,,,54162,,,02-03-2014,,790,,,,,,,,,,,,,,,,,,,,,,
5123,,,,30522,,,15-05-2014,,882,,,,,,,,,,,,,,,,,,,,,,
5756,,,,54456,,,10-12-2012,,615,,,,,,,,,,,,,,,,,,,,,,
8036,,,,31632,,,13-08-2012,,133,,,,,,,,,,,,,,,,,,,,,,
9058,,,,72298,,,23-02-2014,,293,,,,,,,,,,,,,,,,,,,,,,
5057,,,,36975,,,16-03-2014,,313,,,,,,,,,,,,,,,,,,,,,,
254,,,,72635,,,21-09-2013,,1142,,,,,,,,,,,,,,,,,,,,,,
4179,,,,13624,,,24-10-2012,,489,,,,,,,,,,,,,,,,,,,,,,
3710,,,,84196,,,15-10-2013,,630,,,,,,,,,,,,,,,,,,,,,,
7627,,,,70971,,,17-02-2013,,420,,,,,,,,,,,,,,,,,,,,,,
4501,,,,34487,,,28-08-2012,,1090,,,,,,,,,,,,,,,,,,,,,,
6424,,,,28769,,,12-02-2014,,737,,,,,,,,,,,,,,,,,,,,,,
3075,,,,69084,,,08-02-2014,,254,,,,,,,,,,,,,,,,,,,,,,
4992,,,,65488,,,01-09-2012,,113,,,,,,,,,,,,,,,,,,,,,,
5252,,,,32218,,,16-11-2012,,462,,,,,,,,,,,,,,,,,,,,,,
7444,,,,83917,,,12-02-2013,,968,,,,,,,,,,,,,,,,,,,,,,
6919,,,,46102,,,02-08-2012,,52,,,,,,,,,,,,,,,,,,,,,,
3537,,,,84574,,,16-08-2012,,545,,,,,,,,,,,,,,,,,,,,,,
10277,,,,56181,,,25-11-2012,,558,,,,,,,,,,,,,,,,,,,,,,
2453,,,,63120,,,27-04-2014,,266,,,,,,,,,,,,,,,,,,,,,,
7972,,,,73691,,,30-04-2013,,1074,,,,,,,,,,,,,,,,,,,,,,
895,,,,76140,,,20-11-2012,,771,,,,,,,,,,,,,,,,,,,,,,
1177,,,,62859,,,14-06-2014,,202,,,,,,,,,,,,,,,,,,,,,,
7141,,,,45906,,,28-03-2014,,209,,,,,,,,,,,,,,,,,,,,,,
7232,,,,77632,,,08-03-2013,,779,,,,,,,,,,,,,,,,,,,,,,
8477,,,,46463,,,02-09-2012,,170,,,,,,,,,,,,,,,,,,,,,,
2457,,,,105471,,,15-04-2014,,491,,,,,,,,,,,,,,,,,,,,,,
988,,,,55282,,,25-04-2014,,1205,,,,,,,,,,,,,,,,,,,,,,
7930,,,,78710,,,27-06-2013,,774,,,,,,,,,,,,,,,,,,,,,,
4587,,,,66886,,,01-06-2013,,82,,,,,,,,,,,,,,,,,,,,,,
6682,,,,98777,,,05-10-2013,,358,,,,,,,,,,,,,,,,,,,,,,
6222,,,,29103,,,22-02-2014,,139,,,,,,,,,,,,,,,,,,,,,,
10299,,,,67445,,,12-04-2013,,274,,,,,,,,,,,,,,,,,,,,,,
3083,,,,50616,,,23-09-2013,,262,,,,,,,,,,,,,,,,,,,,,,
8953,,,,49431,,,24-07-2013,,641,,,,,,,,,,,,,,,,,,,,,,
1503,,,,153924,,,23-06-2014,,823,,,,,,,,,,,,,,,,,,,,,,
8650,,,,61278,,,10-01-2014,,368,,,,,,,,,,,,,,,,,,,,,,
10862,,,,73059,,,25-03-2013,,488,,,,,,,,,,,,,,,,,,,,,,
2782,,,,46734,,,17-01-2014,,543,,,,,,,,,,,,,,,,,,,,,,
6941,,,,56253,,,04-06-2014,,689,,,,,,,,,,,,,,,,,,,,,,
10972,,,,58330,,,25-03-2014,,280,,,,,,,,,,,,,,,,,,,,,,
10708,,,,25965,,,31-12-2012,,992,,,,,,,,,,,,,,,,,,,,,,
6583,,,,14661,,,19-09-2012,,622,,,,,,,,,,,,,,,,,,,,,,
3641,,,,18690,,,27-02-2013,,329,,,,,,,,,,,,,,,,,,,,,,
10156,,,,45068,,,02-10-2012,,296,,,,,,,,,,,,,,,,,,,,,,
4299,,,,21063,,,09-04-2013,,422,,,,,,,,,,,,,,,,,,,,,,
3469,,,,29187,,,02-04-2014,,703,,,,,,,,,,,,,,,,,,,,,,
5063,,,,54690,,,07-01-2013,,1302,,,,,,,,,,,,,,,,,,,,,,
10727,,,,59304,,,26-11-2013,,153,,,,,,,,,,,,,,,,,,,,,,
9624,,,,59247,,,04-08-2013,,290,,,,,,,,,,,,,,,,,,,,,,
5156,,,,66731,,,17-12-2012,,443,,,,,,,,,,,,,,,,,,,,,,
4376,,,,77353,,,06-06-2014,,846,,,,,,,,,,,,,,,,,,,,,,
8923,,,,26751,,,19-05-2013,,169,,,,,,,,,,,,,,,,,,,,,,
8461,,,,81300,,,12-08-2013,,460,,,,,,,,,,,,,,,,,,,,,,
6945,,,,70337,,,15-12-2013,,944,,,,,,,,,,,,,,,,,,,,,,
944,,,,36145,,,07-10-2012,,553,,,,,,,,,,,,,,,,,,,,,,
1907,,,,65295,,,06-09-2013,,751,,,,,,,,,,,,,,,,,,,,,,
701,,,,68118,,,15-07-2013,,406,,,,,,,,,,,,,,,,,,,,,,
3856,,,,68743,,,27-01-2013,,1449,,,,,,,,,,,,,,,,,,,,,,
4149,,,,41039,,,05-02-2014,,1259,,,,,,,,,,,,,,,,,,,,,,
2131,,,,38946,,,26-12-2012,,896,,,,,,,,,,,,,,,,,,,,,,
2942,,,,65777,,,06-02-2014,,931,,,,,,,,,,,,,,,,,,,,,,
1173,,,,66476,,,14-01-2013,,758,,,,,,,,,,,,,,,,,,,,,,
4381,,,,86857,,,20-06-2014,,539,,,,,,,,,,,,,,,,,,,,,,
4611,,,,160803,,,24-08-2013,,750,,,,,,,,,,,,,,,,,,,,,,
3376,,,,77845,,,28-02-2014,,306,,,,,,,,,,,,,,,,,,,,,,
4679,,,,69476,,,07-04-2013,,331,,,,,,,,,,,,,,,,,,,,,,
10928,,,,50611,,,10-04-2014,,811,,,,,,,,,,,,,,,,,,,,,,
4248,,,,61209,,,12-06-2014,,423,,,,,,,,,,,,,,,,,,,,,,
6728,,,,42315,,,30-11-2013,,60,,,,,,,,,,,,,,,,,,,,,,
6661,,,,13084,,,09-03-2013,,910,,,,,,,,,,,,,,,,,,,,,,
4725,,,,47570,,,27-03-2014,,332,,,,,,,,,,,,,,,,,,,,,,
3277,,,,61923,,,15-12-2012,,784,,,,,,,,,,,,,,,,,,,,,,
5555,,,,34824,,,17-09-2012,,1171,,,,,,,,,,,,,,,,,,,,,,
2564,,,,26518,,,02-06-2013,,431,,,,,,,,,,,,,,,,,,,,,,
946,,,,45938,,,21-12-2012,,50,,,,,,,,,,,,,,,,,,,,,,
3867,,,,78468,,,01-11-2013,,532,,,,,,,,,,,,,,,,,,,,,,
6940,,,,78901,,,10-08-2013,,71,,,,,,,,,,,,,,,,,,,,,,
55,,,,71427,,,11-10-2012,,268,,,,,,,,,,,,,,,,,,,,,,
7093,,,,71022,,,20-12-2012,,928,,,,,,,,,,,,,,,,,,,,,,
5084,,,,90247,,,09-01-2014,,733,,,,,,,,,,,,,,,,,,,,,,
1777,,,,41335,,,,,1252,,,,,,,,,,,,,,,,,,,,,,
8162,,,,35682,,,,,754,,,,,,,,,,,,,,,,,,,,,,
10826,,,,43185,,,,,322,,,,,,,,,,,,,,,,,,,,,,
8754,,,,66375,,,,,739,,,,,,,,,,,,,,,,,,,,,,
1987,,,,25252,,,,,1083,,,,,,,,,,,,,,,,,,,,,,
11007,,,,55250,,,,,1016,,,,,,,,,,,,,,,,,,,,,,
7426,,,,33249,,,,,548,,,,,,,,,,,,,,,,,,,,,,
9153,,,,58398,,,,,836,,,,,,,,,,,,,,,,,,,,,,
10379,,,,50272,,,,,109,,,,,,,,,,,,,,,,,,,,,,
9204,,,,76618,,,,,1459,,,,,,,,,,,,,,,,,,,,,,
3197,,,,87305,,,,,340,,,,,,,,,,,,,,,,,,,,,,
2920,,,,25851,,,,,298,,,,,,,,,,,,,,,,,,,,,,
6961,,,,58710,,,,,980,,,,,,,,,,,,,,,,,,,,,,
4673,,,,45160,,,,,1003,,,,,,,,,,,,,,,,,,,,,,
9937,,,,74806,,,,,593,,,,,,,,,,,,,,,,,,,,,,
8779,,,,59111,,,,,446,,,,,,,,,,,,,,,,,,,,,,
9596,,,,18988,,,,,726,,,,,,,,,,,,,,,,,,,,,,
2891,,,,72190,,,,,690,,,,,,,,,,,,,,,,,,,,,,
4910,,,,80395,,,,,667,,,,,,,,,,,,,,,,,,,,,,
75,,,,75012,,,,,621,,,,,,,,,,,,,,,,,,,,,,
10120,,,,56962,,,,,612,,,,,,,,,,,,,,,,,,,,,,
6327,,,,89891,,,,,582,,,,,,,,,,,,,,,,,,,,,,
10142,,,,35946,,,,,940,,,,,,,,,,,,,,,,,,,,,,
9826,,,,53593,,,,,979,,,,,,,,,,,,,,,,,,,,,,
1501,,,,45072,,,,,704,,,,,,,,,,,,,,,,,,,,,,
10767,,,,89694,,,,,533,,,,,,,,,,,,,,,,,,,,,,
7279,,,,67432,,,,,1073,,,,,,,,,,,,,,,,,,,,,,
7230,,,,70545,,,,,560,,,,,,,,,,,,,,,,,,,,,,
143,,,,17487,,,,,136,,,,,,,,,,,,,,,,,,,,,,
450,,,,62882,,,,,708,,,,,,,,,,,,,,,,,,,,,,
9316,,,,64108,,,,,312,,,,,,,,,,,,,,,,,,,,,,
6379,,,,34941,,,,,1493,,,,,,,,,,,,,,,,,,,,,,
9239,,,,48767,,,,,178,,,,,,,,,,,,,,,,,,,,,,
8315,,,,38702,,,,,93,,,,,,,,,,,,,,,,,,,,,,
2868,,,,82224,,,,,920,,,,,,,,,,,,,,,,,,,,,,
10888,,,,83844,,,,,653,,,,,,,,,,,,,,,,,,,,,,
1277,,,,17003,,,,,734,,,,,,,,,,,,,,,,,,,,,,
9977,,,,71163,,,,,453,,,,,,,,,,,,,,,,,,,,,,
10196,,,,33697,,,,,531,,,,,,,,,,,,,,,,,,,,,,
6384,,,,63564,,,,,402,,,,,,,,,,,,,,,,,,,,,,
8029,,,,83443,,,,,503,,,,,,,,,,,,,,,,,,,,,,
968,,,,51518,,,,,369,,,,,,,,,,,,,,,,,,,,,,
6988,,,,80952,,,,,367,,,,,,,,,,,,,,,,,,,,,,
4472,,,,75507,,,,,686,,,,,,,,,,,,,,,,,,,,,,
6991,,,,63855,,,,,941,,,,,,,,,,,,,,,,,,,,,,
3336,,,,62220,,,,,383,,,,,,,,,,,,,,,,,,,,,,
4301,,,,58512,,,,,1121,,,,,,,,,,,,,,,,,,,,,,
1940,,,,40662,,,,,666,,,,,,,,,,,,,,,,,,,,,,
1272,,,,38829,,,,,1045,,,,,,,,,,,,,,,,,,,,,,
1388,,,,35523,,,,,128,,,,,,,,,,,,,,,,,,,,,,
1044,,,,79146,,,,,581,,,,,,,,,,,,,,,,,,,,,,
6969,,,,78285,,,,,355,,,,,,,,,,,,,,,,,,,,,,
10479,,,,31626,,,,,175,,,,,,,,,,,,,,,,,,,,,,
3619,,,,75127,,,,,122,,,,,,,,,,,,,,,,,,,,,,
1715,,,,48726,,,,,1020,,,,,,,,,,,,,,,,,,,,,,
10159,,,,74985,,,,,272,,,,,,,,,,,,,,,,,,,,,,
1463,,,,67430,,,,,637,,,,,,,,,,,,,,,,,,,,,,
5114,,,,46891,,,,,1017,,,,,,,,,,,,,,,,,,,,,,
4990,,,,62058,,,,,1324,,,,,,,,,,,,,,,,,,,,,,
4329,,,,72063,,,,,1193,,,,,,,,,,,,,,,,,,,,,,
10936,,,,78939,,,,,353,,,,,,,,,,,,,,,,,,,,,,
4692,,,,42720,,,,,710,,,,,,,,,,,,,,,,,,,,,,
7212,,,,33622,,,,,256,,,,,,,,,,,,,,,,,,,,,,
6086,,,,6835,,,,,338,,,,,,,,,,,,,,,,,,,,,,
437,,,,41452,,,,,1462,,,,,,,,,,,,,,,,,,,,,,
11171,,,,40760,,,,,499,,,,,,,,,,,,,,,,,,,,,,
11101,,,,74250,,,,,913,,,,,,,,,,,,,,,,,,,,,,
5329,,,,51124,,,,,673,,,,,,,,,,,,,,,,,,,,,,
610,,,,72258,,,,,58,,,,,,,,,,,,,,,,,,,,,,
9384,,,,71466,,,,,879,,,,,,,,,,,,,,,,,,,,,,
5956,,,,36283,,,,,83,,,,,,,,,,,,,,,,,,,,,,
10430,,,,20587,,,,,228,,,,,,,,,,,,,,,,,,,,,,
7875,,,,30467,,,,,1092,,,,,,,,,,,,,,,,,,,,,,
7072,,,,31590,,,,,1276,,,,,,,,,,,,,,,,,,,,,,
6255,,,,20425,,,,,226,,,,,,,,,,,,,,,,,,,,,,
6516,,,,17144,,,,,575,,,,,,,,,,,,,,,,,,,,,,
5564,,,,42564,,,,,94,,,,,,,,,,,,,,,,,,,,,,
5682,,,,43783,,,,,908,,,,,,,,,,,,,,,,,,,,,,
7458,,,,40780,,,,,995,,,,,,,,,,,,,,,,,,,,,,
5237,,,,62847,,,,,106,,,,,,,,,,,,,,,,,,,,,,
7761,,,,82017,,,,,820,,,,,,,,,,,,,,,,,,,,,,
5278,,,,16813,,,,,753,,,,,,,,,,,,,,,,,,,,,,
3560,,,,51267,,,,,555,,,,,,,,,,,,,,,,,,,,,,
7235,,,,46524,,,,,240,,,,,,,,,,,,,,,,,,,,,,
10548,,,,45183,,,,,848,,,,,,,,,,,,,,,,,,,,,,
2281,,,,70421,,,,,433,,,,,,,,,,,,,,,,,,,,,,
4073,,,,60161,,,,,713,,,,,,,,,,,,,,,,,,,,,,
6974,,,,73926,,,,,676,,,,,,,,,,,,,,,,,,,,,,
7938,,,,19329,,,,,958,,,,,,,,,,,,,,,,,,,,,,
7094,,,,61872,,,,,1245,,,,,,,,,,,,,,,,,,,,,,
3667,,,,46984,,,,,835,,,,,,,,,,,,,,,,,,,,,,
7723,,,,34838,,,,,1486,,,,,,,,,,,,,,,,,,,,,,
3870,,,,82716,,,,,1115,,,,,,,,,,,,,,,,,,,,,,
4012,,,,48192,,,,,934,,,,,,,,,,,,,,,,,,,,,,
5909,,,,49681,,,,,830,,,,,,,,,,,,,,,,,,,,,,
10470,,,,56850,,,,,728,,,,,,,,,,,,,,,,,,,,,,
6488,,,,55267,,,,,188,,,,,,,,,,,,,,,,,,,,,,
10270,,,,59666,,,,,742,,,,,,,,,,,,,,,,,,,,,,
6887,,,,72504,,,,,1311,,,,,,,,,,,,,,,,,,,,,,
6406,,,,26872,,,,,890,,,,,,,,,,,,,,,,,,,,,,
7573,,,,21359,,,,,654,,,,,,,,,,,,,,,,,,,,,,
4508,,,,73170,,,,,912,,,,,,,,,,,,,,,,,,,,,,
221,,,,52750,,,,,89,,,,,,,,,,,,,,,,,,,,,,
5331,,,,91820,,,,,1013,,,,,,,,,,,,,,,,,,,,,,
1911,,,,65968,,,,,570,,,,,,,,,,,,,,,,,,,,,,
20,,,,30772,,,,,626,,,,,,,,,,,,,,,,,,,,,,
8786,,,,22507,,,,,611,,,,,,,,,,,,,,,,,,,,,,
10582,,,,65685,,,,,671,,,,,,,,,,,,,,,,,,,,,,
1915,,,,25804,,,,,366,,,,,,,,,,,,,,,,,,,,,,
8897,,,,76412,,,,,302,,,,,,,,,,,,,,,,,,,,,,
2371,,,,22063,,,,,580,,,,,,,,,,,,,,,,,,,,,,
4303,,,,57091,,,,,853,,,,,,,,,,,,,,,,,,,,,,
6825,,,,78353,,,,,428,,,,,,,,,,,,,,,,,,,,,,
1072,,,,93404,,,,,,,,,,,,,,,,,,,,,,,,,,,
4964,,,,37859,,,,,,,,,,,,,,,,,,,,,,,,,,,
2461,,,,80995,,,,,,,,,,,,,,,,,,,,,,,,,,,
10736,,,,16529,,,,,,,,,,,,,,,,,,,,,,,,,,,
3194,,,,55412,,,,,,,,,,,,,,,,,,,,,,,,,,,
10839,,,,48789,,,,,,,,,,,,,,,,,,,,,,,,,,,
49,,,,56575,,,,,,,,,,,,,,,,,,,,,,,,,,,
4290,,,,25130,,,,,,,,,,,,,,,,,,,,,,,,,,,
10219,,,,35441,,,,,,,,,,,,,,,,,,,,,,,,,,,
4211,,,,71391,,,,,,,,,,,,,,,,,,,,,,,,,,,
1135,,,,49494,,,,,,,,,,,,,,,,,,,,,,,,,,,
6299,,,,81702,,,,,,,,,,,,,,,,,,,,,,,,,,,
10846,,,,45889,,,,,,,,,,,,,,,,,,,,,,,,,,,
347,,,,56628,,,,,,,,,,,,,,,,,,,,,,,,,,,
6543,,,,34026,,,,,,,,,,,,,,,,,,,,,,,,,,,
10446,,,,40049,,,,,,,,,,,,,,,,,,,,,,,,,,,
3479,,,,19419,,,,,,,,,,,,,,,,,,,,,,,,,,,
11075,,,,82504,,,,,,,,,,,,,,,,,,,,,,,,,,,
4442,,,,81205,,,,,,,,,,,,,,,,,,,,,,,,,,,
199,,,,61618,,,,,,,,,,,,,,,,,,,,,,,,,,,
6722,,,,55284,,,,,,,,,,,,,,,,,,,,,,,,,,,
796,,,,49980,,,,,,,,,,,,,,,,,,,,,,,,,,,
3749,,,,15072,,,,,,,,,,,,,,,,,,,,,,,,,,,
8523,,,,49166,,,,,,,,,,,,,,,,,,,,,,,,,,,
310,,,,82347,,,,,,,,,,,,,,,,,,,,,,,,,,,
8629,,,,30843,,,,,,,,,,,,,,,,,,,,,,,,,,,
236,,,,46374,,,,,,,,,,,,,,,,,,,,,,,,,,,
9930,,,,60474,,,,,,,,,,,,,,,,,,,,,,,,,,,
3483,,,,38576,,,,,,,,,,,,,,,,,,,,,,,,,,,
4599,,,,55357,,,,,,,,,,,,,,,,,,,,,,,,,,,
7326,,,,37758,,,,,,,,,,,,,,,,,,,,,,,,,,,
7352,,,,85710,,,,,,,,,,,,,,,,,,,,,,,,,,,
2350,,,,44602,,,,,,,,,,,,,,,,,,,,,,,,,,,
9145,,,,38683,,,,,,,,,,,,,,,,,,,,,,,,,,,
2964,,,,49514,,,,,,,,,,,,,,,,,,,,,,,,,,,
5585,,,,57906,,,,,,,,,,,,,,,,,,,,,,,,,,,
9687,,,,43456,,,,,,,,,,,,,,,,,,,,,,,,,,,
3732,,,,19485,,,,,,,,,,,,,,,,,,,,,,,,,,,
6303,,,,53172,,,,,,,,,,,,,,,,,,,,,,,,,,,
11176,,,,30545,,,,,,,,,,,,,,,,,,,,,,,,,,,
2986,,,,70123,,,,,,,,,,,,,,,,,,,,,,,,,,,
7462,,,,62450,,,,,,,,,,,,,,,,,,,,,,,,,,,
3900,,,,21675,,,,,,,,,,,,,,,,,,,,,,,,,,,
7034,,,,42395,,,,,,,,,,,,,,,,,,,,,,,,,,,
9493,,,,61346,,,,,,,,,,,,,,,,,,,,,,,,,,,
1143,,,,80812,,,,,,,,,,,,,,,,,,,,,,,,,,,
1,,,,42835,,,,,,,,,,,,,,,,,,,,,,,,,,,
3855,,,,39922,,,,,,,,,,,,,,,,,,,,,,,,,,,
5536,,,,86424,,,,,,,,,,,,,,,,,,,,,,,,,,,
5989,,,,17117,,,,,,,,,,,,,,,,,,,,,,,,,,,
9499,,,,24762,,,,,,,,,,,,,,,,,,,,,,,,,,,
6768,,,,35797,,,,,,,,,,,,,,,,,,,,,,,,,,,
2150,,,,36627,,,,,,,,,,,,,,,,,,,,,,,,,,,
6646,,,,51111,,,,,,,,,,,,,,,,,,,,,,,,,,,
4887,,,,82072,,,,,,,,,,,,,,,,,,,,,,,,,,,
8560,,,,46231,,,,,,,,,,,,,,,,,,,,,,,,,,,
3321,,,,42243,,,,,,,,,,,,,,,,,,,,,,,,,,,
11003,,,,51195,,,,,,,,,,,,,,,,,,,,,,,,,,,
10402,,,,68092,,,,,,,,,,,,,,,,,,,,,,,,,,,
9904,,,,31814,,,,,,,,,,,,,,,,,,,,,,,,,,,
6141,,,,51390,,,,,,,,,,,,,,,,,,,,,,,,,,,
5687,,,,76630,,,,,,,,,,,,,,,,,,,,,,,,,,,
10856,,,,26868,,,,,,,,,,,,,,,,,,,,,,,,,,,
5121,,,,55260,,,,,,,,,,,,,,,,,,,,,,,,,,,
4186,,,,64090,,,,,,,,,,,,,,,,,,,,,,,,,,,
368,,,,78331,,,,,,,,,,,,,,,,,,,,,,,,,,,
3312,,,,37087,,,,,,,,,,,,,,,,,,,,,,,,,,,
11121,,,,21846,,,,,,,,,,,,,,,,,,,,,,,,,,,
5332,,,,81320,,,,,,,,,,,,,,,,,,,,,,,,,,,
5848,,,,54137,,,,,,,,,,,,,,,,,,,,,,,,,,,
10343,,,,66825,,,,,,,,,,,,,,,,,,,,,,,,,,,
5935,,,,57100,,,,,,,,,,,,,,,,,,,,,,,,,,,
2895,,,,58917,,,,,,,,,,,,,,,,,,,,,,,,,,,
10262,,,,85072,,,,,,,,,,,,,,,,,,,,,,,,,,,
7848,,,,86429,,,,,,,,,,,,,,,,,,,,,,,,,,,
9477,,,,45684,,,,,,,,,,,,,,,,,,,,,,,,,,,
4856,,,,47889,,,,,,,,,,,,,,,,,,,,,,,,,,,
7186,,,,45921,,,,,,,,,,,,,,,,,,,,,,,,,,,
5794,,,,78420,,,,,,,,,,,,,,,,,,,,,,,,,,,
1456,,,,75114,,,,,,,,,,,,,,,,,,,,,,,,,,,
4877,,,,52278,,,,,,,,,,,,,,,,,,,,,,,,,,,
425,,,,35641,,,,,,,,,,,,,,,,,,,,,,,,,,,
3007,,,,95529,,,,,,,,,,,,,,,,,,,,,,,,,,,
1031,,,,62820,,,,,,,,,,,,,,,,,,,,,,,,,,,
4297,,,,73113,,,,,,,,,,,,,,,,,,,,,,,,,,,
807,,,,42607,,,,,,,,,,,,,,,,,,,,,,,,,,,
9553,,,,74637,,,,,,,,,,,,,,,,,,,,,,,,,,,
4271,,,,46015,,,,,,,,,,,,,,,,,,,,,,,,,,,
4120,,,,72354,,,,,,,,,,,,,,,,,,,,,,,,,,,
2036,,,,39858,,,,,,,,,,,,,,,,,,,,,,,,,,,
115,,,,34469,,,,,,,,,,,,,,,,,,,,,,,,,,,
4259,,,,83033,,,,,,,,,,,,,,,,,,,,,,,,,,,
8687,,,,24401,,,,,,,,,,,,,,,,,,,,,,,,,,,
2447,,,,77583,,,,,,,,,,,,,,,,,,,,,,,,,,,
10140,,,,74116,,,,,,,,,,,,,,,,,,,,,,,,,,,
9353,,,,68397,,,,,,,,,,,,,,,,,,,,,,,,,,,
3623,,,,79632,,,,,,,,,,,,,,,,,,,,,,,,,,,
738,,,,46107,,,,,,,,,,,,,,,,,,,,,,,,,,,
7631,,,,64950,,,,,,,,,,,,,,,,,,,,,,,,,,,
4789,,,,25443,,,,,,,,,,,,,,,,,,,,,,,,,,,
773,,,,32892,,,,,,,,,,,,,,,,,,,,,,,,,,,
10602,,,,71796,,,,,,,,,,,,,,,,,,,,,,,,,,,
1446,,,,67536,,,,,,,,,,,,,,,,,,,,,,,,,,,
3270,,,,55239,,,,,,,,,,,,,,,,,,,,,,,,,,,
8443,,,,60554,,,,,,,,,,,,,,,,,,,,,,,,,,,
9653,,,,64831,,,,,,,,,,,,,,,,,,,,,,,,,,,
8916,,,,56067,,,,,,,,,,,,,,,,,,,,,,,,,,,
8017,,,,82025,,,,,,,,,,,,,,,,,,,,,,,,,,,
5830,,,,94384,,,,,,,,,,,,,,,,,,,,,,,,,,,
4597,,,,14906,,,,,,,,,,,,,,,,,,,,,,,,,,,
7023,,,,51563,,,,,,,,,,,,,,,,,,,,,,,,,,,
8086,,,,57937,,,,,,,,,,,,,,,,,,,,,,,,,,,
8825,,,,68274,,,,,,,,,,,,,,,,,,,,,,,,,,,
2930,,,,39771,,,,,,,,,,,,,,,,,,,,,,,,,,,
1928,,,,67893,,,,,,,,,,,,,,,,,,,,,,,,,,,
7108,,,,27922,,,,,,,,,,,,,,,,,,,,,,,,,,,
10925,,,,52190,,,,,,,,,,,,,,,,,,,,,,,,,,,
9960,,,,44051,,,,,,,,,,,,,,,,,,,,,,,,,,,
8800,,,,42767,,,,,,,,,,,,,,,,,,,,,,,,,,,
9224,,,,46106,,,,,,,,,,,,,,,,,,,,,,,,,,,
5519,,,,16927,,,,,,,,,,,,,,,,,,,,,,,,,,,
5046,,,,59754,,,,,,,,,,,,,,,,,,,,,,,,,,,
7037,,,,53700,,,,,,,,,,,,,,,,,,,,,,,,,,,
905,,,,59041,,,,,,,,,,,,,,,,,,,,,,,,,,,
8624,,,,54237,,,,,,,,,,,,,,,,,,,,,,,,,,,
8945,,,,70647,,,,,,,,,,,,,,,,,,,,,,,,,,,
6445,,,,52597,,,,,,,,,,,,,,,,,,,,,,,,,,,
2727,,,,41021,,,,,,,,,,,,,,,,,,,,,,,,,,,
6404,,,,40233,,,,,,,,,,,,,,,,,,,,,,,,,,,
11074,,,,50183,,,,,,,,,,,,,,,,,,,,,,,,,,,
10150,,,,54753,,,,,,,,,,,,,,,,,,,,,,,,,,,
1968,,,,92955,,,,,,,,,,,,,,,,,,,,,,,,,,,
6534,,,,33471,,,,,,,,,,,,,,,,,,,,,,,,,,,
9485,,,,34596,,,,,,,,,,,,,,,,,,,,,,,,,,,
7053,,,,44010,,,,,,,,,,,,,,,,,,,,,,,,,,,
4654,,,,84219,,,,,,,,,,,,,,,,,,,,,,,,,,,
9760,,,,40706,,,,,,,,,,,,,,,,,,,,,,,,,,,
1048,,,,15716,,,,,,,,,,,,,,,,,,,,,,,,,,,
10619,,,,59052,,,,,,,,,,,,,,,,,,,,,,,,,,,
9308,,,,80573,,,,,,,,,,,,,,,,,,,,,,,,,,,
10505,,,,83715,,,,,,,,,,,,,,,,,,,,,,,,,,,
8362,,,,82576,,,,,,,,,,,,,,,,,,,,,,,,,,,
2625,,,,35704,,,,,,,,,,,,,,,,,,,,,,,,,,,
4637,,,,53103,,,,,,,,,,,,,,,,,,,,,,,,,,,
9972,,,,46779,,,,,,,,,,,,,,,,,,,,,,,,,,,
4483,,,,4861,,,,,,,,,,,,,,,,,,,,,,,,,,,
4487,,,,33462,,,,,,,,,,,,,,,,,,,,,,,,,,,
4988,,,,80763,,,,,,,,,,,,,,,,,,,,,,,,,,,
8931,,,,65352,,,,,,,,,,,,,,,,,,,,,,,,,,,
5871,,,,82170,,,,,,,,,,,,,,,,,,,,,,,,,,,
2008,,,,75759,,,,,,,,,,,,,,,,,,,,,,,,,,,
3139,,,,79689,,,,,,,,,,,,,,,,,,,,,,,,,,,
10037,,,,35340,,,,,,,,,,,,,,,,,,,,,,,,,,,
10673,,,,85683,,,,,,,,,,,,,,,,,,,,,,,,,,,
5303,,,,24884,,,,,,,,,,,,,,,,,,,,,,,,,,,
538,,,,42021,,,,,,,,,,,,,,,,,,,,,,,,,,,
7922,,,,64449,,,,,,,,,,,,,,,,,,,,,,,,,,,
5692,,,,64587,,,,,,,,,,,,,,,,,,,,,,,,,,,
4843,,,,75437,,,,,,,,,,,,,,,,,,,,,,,,,,,
6383,,,,52845,,,,,,,,,,,,,,,,,,,,,,,,,,,
1628,,,,46086,,,,,,,,,,,,,,,,,,,,,,,,,,,
1204,,,,78028,,,,,,,,,,,,,,,,,,,,,,,,,,,
3673,,,,95169,,,,,,,,,,,,,,,,,,,,,,,,,,,
760,,,,56337,,,,,,,,,,,,,,,,,,,,,,,,,,,
8957,,,,22434,,,,,,,,,,,,,,,,,,,,,,,,,,,
4128,,,,36930,,,,,,,,,,,,,,,,,,,,,,,,,,,
6810,,,,36130,,,,,,,,,,,,,,,,,,,,,,,,,,,
5386,,,,65569,,,,,,,,,,,,,,,,,,,,,,,,,,,
8700,,,,36736,,,,,,,,,,,,,,,,,,,,,,,,,,,
3202,,,,77568,,,,,,,,,,,,,,,,,,,,,,,,,,,
1328,,,,49187,,,,,,,,,,,,,,,,,,,,,,,,,,,
8405,,,,30168,,,,,,,,,,,,,,,,,,,,,,,,,,,
6515,,,,34053,,,,,,,,,,,,,,,,,,,,,,,,,,,
2882,,,,38196,,,,,,,,,,,,,,,,,,,,,,,,,,,
7574,,,,59412,,,,,,,,,,,,,,,,,,,,,,,,,,,
6387,,,,70924,,,,,,,,,,,,,,,,,,,,,,,,,,,
5320,,,,54165,,,,,,,,,,,,,,,,,,,,,,,,,,,
5048,,,,32300,,,,,,,,,,,,,,,,,,,,,,,,,,,
8146,,,,20180,,,,,,,,,,,,,,,,,,,,,,,,,,,
10031,,,,34961,,,,,,,,,,,,,,,,,,,,,,,,,,,
5748,,,,28440,,,,,,,,,,,,,,,,,,,,,,,,,,,
2134,,,,64504,,,,,,,,,,,,,,,,,,,,,,,,,,,
1523,,,,33564,,,,,,,,,,,,,,,,,,,,,,,,,,,
9665,,,,17345,,,,,,,,,,,,,,,,,,,,,,,,,,,
4640,,,,56320,,,,,,,,,,,,,,,,,,,,,,,,,,,
3635,,,,28647,,,,,,,,,,,,,,,,,,,,,,,,,,,
3547,,,,15038,,,,,,,,,,,,,,,,,,,,,,,,,,,
2456,,,,32173,,,,,,,,,,,,,,,,,,,,,,,,,,,
5633,,,,68316,,,,,,,,,,,,,,,,,,,,,,,,,,,
7801,,,,74538,,,,,,,,,,,,,,,,,,,,,,,,,,,
10489,,,,91700,,,,,,,,,,,,,,,,,,,,,,,,,,,
7011,,,,68695,,,,,,,,,,,,,,,,,,,,,,,,,,,
2620,,,,31056,,,,,,,,,,,,,,,,,,,,,,,,,,,
3933,,,,28071,,,,,,,,,,,,,,,,,,,,,,,,,,,
10981,,,,37334,,,,,,,,,,,,,,,,,,,,,,,,,,,
1734,,,,46423,,,,,,,,,,,,,,,,,,,,,,,,,,,
10995,,,,37126,,,,,,,,,,,,,,,,,,,,,,,,,,,
6357,,,,47703,,,,,,,,,,,,,,,,,,,,,,,,,,,
9209,,,,61180,,,,,,,,,,,,,,,,,,,,,,,,,,,
10286,,,,38998,,,,,,,,,,,,,,,,,,,,,,,,,,,
2611,,,,8028,,,,,,,,,,,,,,,,,,,,,,,,,,,
1600,,,,76081,,,,,,,,,,,,,,,,,,,,,,,,,,,
3308,,,,34728,,,,,,,,,,,,,,,,,,,,,,,,,,,
5407,,,,33168,,,,,,,,,,,,,,,,,,,,,,,,,,,
2166,,,,33585,,,,,,,,,,,,,,,,,,,,,,,,,,,
3955,,,,77037,,,,,,,,,,,,,,,,,,,,,,,,,,,
6634,,,,35196,,,,,,,,,,,,,,,,,,,,,,,,,,,
3056,,,,44529,,,,,,,,,,,,,,,,,,,,,,,,,,,
5718,,,,28764,,,,,,,,,,,,,,,,,,,,,,,,,,,
6872,,,,69098,,,,,,,,,,,,,,,,,,,,,,,,,,,
8164,,,,25959,,,,,,,,,,,,,,,,,,,,,,,,,,,
4580,,,,27100,,,,,,,,,,,,,,,,,,,,,,,,,,,
9305,,,,70596,,,,,,,,,,,,,,,,,,,,,,,,,,,
453,,,,42557,,,,,,,,,,,,,,,,,,,,,,,,,,,
8545,,,,53312,,,,,,,,,,,,,,,,,,,,,,,,,,,
9850,,,,72228,,,,,,,,,,,,,,,,,,,,,,,,,,,
7378,,,,67605,,,,,,,,,,,,,,,,,,,,,,,,,,,
7646,,,,62845,,,,,,,,,,,,,,,,,,,,,,,,,,,
1640,,,,65196,,,,,,,,,,,,,,,,,,,,,,,,,,,
5184,,,,42000,,,,,,,,,,,,,,,,,,,,,,,,,,,
8492,,,,65526,,,,,,,,,,,,,,,,,,,,,,,,,,,
11188,,,,16860,,,,,,,,,,,,,,,,,,,,,,,,,,,
1212,,,,83528,,,,,,,,,,,,,,,,,,,,,,,,,,,
9097,,,,64176,,,,,,,,,,,,,,,,,,,,,,,,,,,
10473,,,,22304,,,,,,,,,,,,,,,,,,,,,,,,,,,
7962,,,,67023,,,,,,,,,,,,,,,,,,,,,,,,,,,
9984,,,,70713,,,,,,,,,,,,,,,,,,,,,,,,,,,
5527,,,,59925,,,,,,,,,,,,,,,,,,,,,,,,,,,
6374,,,,39722,,,,,,,,,,,,,,,,,,,,,,,,,,,
7453,,,,88347,,,,,,,,,,,,,,,,,,,,,,,,,,,
8952,,,,87171,,,,,,,,,,,,,,,,,,,,,,,,,,,
241,,,,26907,,,,,,,,,,,,,,,,,,,,,,,,,,,
8975,,,,50014,,,,,,,,,,,,,,,,,,,,,,,,,,,
6119,,,,41014,,,,,,,,,,,,,,,,,,,,,,,,,,,
5236,,,,66294,,,,,,,,,,,,,,,,,,,,,,,,,,,
5723,,,,36715,,,,,,,,,,,,,,,,,,,,,,,,,,,
1710,,,,79456,,,,,,,,,,,,,,,,,,,,,,,,,,,
1970,,,,40479,,,,,,,,,,,,,,,,,,,,,,,,,,,
5313,,,,75345,,,,,,,,,,,,,,,,,,,,,,,,,,,
10634,,,,54233,,,,,,,,,,,,,,,,,,,,,,,,,,,
7010,,,,24163,,,,,,,,,,,,,,,,,,,,,,,,,,,
8562,,,,84460,,,,,,,,,,,,,,,,,,,,,,,,,,,
3158,,,,71691,,,,,,,,,,,,,,,,,,,,,,,,,,,
4436,,,,85844,,,,,,,,,,,,,,,,,,,,,,,,,,,
5287,,,,39190,,,,,,,,,,,,,,,,,,,,,,,,,,,
2445,,,,57236,,,,,,,,,,,,,,,,,,,,,,,,,,,
6059,,,,61825,,,,,,,,,,,,,,,,,,,,,,,,,,,
4550,,,,79803,,,,,,,,,,,,,,,,,,,,,,,,,,,
4240,,,,80910,,,,,,,,,,,,,,,,,,,,,,,,,,,
8911,,,,27590,,,,,,,,,,,,,,,,,,,,,,,,,,,
3706,,,,56775,,,,,,,,,,,,,,,,,,,,,,,,,,,
3628,,,,83829,,,,,,,,,,,,,,,,,,,,,,,,,,,
10175,,,,54210,,,,,,,,,,,,,,,,,,,,,,,,,,,
8985,,,,38508,,,,,,,,,,,,,,,,,,,,,,,,,,,
5204,,,,53187,,,,,,,,,,,,,,,,,,,,,,,,,,,
9220,,,,30023,,,,,,,,,,,,,,,,,,,,,,,,,,,
9888,,,,76045,,,,,,,,,,,,,,,,,,,,,,,,,,,
5263,,,,50870,,,,,,,,,,,,,,,,,,,,,,,,,,,
1020,,,,65463,,,,,,,,,,,,,,,,,,,,,,,,,,,
9503,,,,66480,,,,,,,,,,,,,,,,,,,,,,,,,,,
10613,,,,76773,,,,,,,,,,,,,,,,,,,,,,,,,,,
67,,,,54466,,,,,,,,,,,,,,,,,,,,,,,,,,,
6019,,,,16269,,,,,,,,,,,,,,,,,,,,,,,,,,,
5863,,,,71819,,,,,,,,,,,,,,,,,,,,,,,,,,,
3717,,,,33569,,,,,,,,,,,,,,,,,,,,,,,,,,,
6730,,,,36262,,,,,,,,,,,,,,,,,,,,,,,,,,,
10749,,,,22634,,,,,,,,,,,,,,,,,,,,,,,,,,,
4998,,,,70566,,,,,,,,,,,,,,,,,,,,,,,,,,,
6287,,,,31605,,,,,,,,,,,,,,,,,,,,,,,,,,,
5985,,,,52034,,,,,,,,,,,,,,,,,,,,,,,,,,,
4754,,,,48526,,,,,,,,,,,,,,,,,,,,,,,,,,,
4002,,,,39552,,,,,,,,,,,,,,,,,,,,,,,,,,,
8870,,,,86358,,,,,,,,,,,,,,,,,,,,,,,,,,,
966,,,,46931,,,,,,,,,,,,,,,,,,,,,,,,,,,
4767,,,,16581,,,,,,,,,,,,,,,,,,,,,,,,,,,
9725,,,,63998,,,,,,,,,,,,,,,,,,,,,,,,,,,
4475,,,,67381,,,,,,,,,,,,,,,,,,,,,,,,,,,
5740,,,,25930,,,,,,,,,,,,,,,,,,,,,,,,,,,
5731,,,,42693,,,,,,,,,,,,,,,,,,,,,,,,,,,
7290,,,,85606,,,,,,,,,,,,,,,,,,,,,,,,,,,
3846,,,,72903,,,,,,,,,,,,,,,,,,,,,,,,,,,
8104,,,,49669,,,,,,,,,,,,,,,,,,,,,,,,,,,
4507,,,,36778,,,,,,,,,,,,,,,,,,,,,,,,,,,
11013,,,,85696,,,,,,,,,,,,,,,,,,,,,,,,,,,
4491,,,,49678,,,,,,,,,,,,,,,,,,,,,,,,,,,
3759,,,,37155,,,,,,,,,,,,,,,,,,,,,,,,,,,
1162,,,,21282,,,,,,,,,,,,,,,,,,,,,,,,,,,
2055,,,,33419,,,,,,,,,,,,,,,,,,,,,,,,,,,
10766,,,,63285,,,,,,,,,,,,,,,,,,,,,,,,,,,
4415,,,,21255,,,,,,,,,,,,,,,,,,,,,,,,,,,
3005,,,,42162,,,,,,,,,,,,,,,,,,,,,,,,,,,
2223,,,,54450,,,,,,,,,,,,,,,,,,,,,,,,,,,
4817,,,,57744,,,,,,,,,,,,,,,,,,,,,,,,,,,
2875,,,,26576,,,,,,,,,,,,,,,,,,,,,,,,,,,
10536,,,,57513,,,,,,,,,,,,,,,,,,,,,,,,,,,
11112,,,,68142,,,,,,,,,,,,,,,,,,,,,,,,,,,
3807,,,,83145,,,,,,,,,,,,,,,,,,,,,,,,,,,
9197,,,,54197,,,,,,,,,,,,,,,,,,,,,,,,,,,
10832,,,,23091,,,,,,,,,,,,,,,,,,,,,,,,,,,
6421,,,,46049,,,,,,,,,,,,,,,,,,,,,,,,,,,
4207,,,,56715,,,,,,,,,,,,,,,,,,,,,,,,,,,
577,,,,79410,,,,,,,,,,,,,,,,,,,,,,,,,,,
10855,,,,57304,,,,,,,,,,,,,,,,,,,,,,,,,,,
3081,,,,44375,,,,,,,,,,,,,,,,,,,,,,,,,,,
3535,,,,59594,,,,,,,,,,,,,,,,,,,,,,,,,,,
247,,,,80685,,,,,,,,,,,,,,,,,,,,,,,,,,,
8707,,,,40344,,,,,,,,,,,,,,,,,,,,,,,,,,,
9523,,,,62710,,,,,,,,,,,,,,,,,,,,,,,,,,,
6072,,,,48985,,,,,,,,,,,,,,,,,,,,,,,,,,,
6295,,,,35322,,,,,,,,,,,,,,,,,,,,,,,,,,,
10914,,,,77142,,,,,,,,,,,,,,,,,,,,,,,,,,,
1509,,,,81657,,,,,,,,,,,,,,,,,,,,,,,,,,,
5577,,,,14421,,,,,,,,,,,,,,,,,,,,,,,,,,,
7348,,,,74214,,,,,,,,,,,,,,,,,,,,,,,,,,,
1127,,,,66726,,,,,,,,,,,,,,,,,,,,,,,,,,,
1833,,,,23724,,,,,,,,,,,,,,,,,,,,,,,,,,,
4944,,,,47353,,,,,,,,,,,,,,,,,,,,,,,,,,,
9080,,,,33444,,,,,,,,,,,,,,,,,,,,,,,,,,,
6466,,,,54386,,,,,,,,,,,,,,,,,,,,,,,,,,,
9964,,,,28510,,,,,,,,,,,,,,,,,,,,,,,,,,,
4790,,,,90638,,,,,,,,,,,,,,,,,,,,,,,,,,,
10245,,,,48070,,,,,,,,,,,,,,,,,,,,,,,,,,,
1109,,,,43140,,,,,,,,,,,,,,,,,,,,,,,,,,,
6001,,,,54959,,,,,,,,,,,,,,,,,,,,,,,,,,,
5538,,,,15056,,,,,,,,,,,,,,,,,,,,,,,,,,,
10552,,,,26954,,,,,,,,,,,,,,,,,,,,,,,,,,,
1545,,,,22327,,,,,,,,,,,,,,,,,,,,,,,,,,,
7409,,,,44393,,,,,,,,,,,,,,,,,,,,,,,,,,,
4444,,,,62000,,,,,,,,,,,,,,,,,,,,,,,,,,,
146,,,,31497,,,,,,,,,,,,,,,,,,,,,,,,,,,
6271,,,,45894,,,,,,,,,,,,,,,,,,,,,,,,,,,
10065,,,,78579,,,,,,,,,,,,,,,,,,,,,,,,,,,
4741,,,,67369,,,,,,,,,,,,,,,,,,,,,,,,,,,
246,,,,58401,,,,,,,,,,,,,,,,,,,,,,,,,,,
375,,,,62307,,,,,,,,,,,,,,,,,,,,,,,,,,,
1524,,,,43641,,,,,,,,,,,,,,,,,,,,,,,,,,,
10022,,,,70091,,,,,,,,,,,,,,,,,,,,,,,,,,,
7451,,,,78075,,,,,,,,,,,,,,,,,,,,,,,,,,,
11010,,,,59184,,,,,,,,,,,,,,,,,,,,,,,,,,,
4356,,,,54809,,,,,,,,,,,,,,,,,,,,,,,,,,,
3885,,,,58113,,,,,,,,,,,,,,,,,,,,,,,,,,,
1175,,,,51412,,,,,,,,,,,,,,,,,,,,,,,,,,,
880,,,,66636,,,,,,,,,,,,,,,,,,,,,,,,,,,
2320,,,,50965,,,,,,,,,,,,,,,,,,,,,,,,,,,
850,,,,18351,,,,,,,,,,,,,,,,,,,,,,,,,,,
4713,,,,40451,,,,,,,,,,,,,,,,,,,,,,,,,,,
675,,,,36317,,,,,,,,,,,,,,,,,,,,,,,,,,,
5025,,,,42213,,,,,,,,,,,,,,,,,,,,,,,,,,,
2308,,,,65748,,,,,,,,,,,,,,,,,,,,,,,,,,,
5995,,,,77044,,,,,,,,,,,,,,,,,,,,,,,,,,,
6749,,,,74918,,,,,,,,,,,,,,,,,,,,,,,,,,,
1010,,,,56721,,,,,,,,,,,,,,,,,,,,,,,,,,,
8977,,,,42160,,,,,,,,,,,,,,,,,,,,,,,,,,,
4756,,,,61559,,,,,,,,,,,,,,,,,,,,,,,,,,,
3412,,,,33629,,,,,,,,,,,,,,,,,,,,,,,,,,,
606,,,,34377,,,,,,,,,,,,,,,,,,,,,,,,,,,
5961,,,,8940,,,,,,,,,,,,,,,,,,,,,,,,,,,
2975,,,,26228,,,,,,,,,,,,,,,,,,,,,,,,,,,
2894,,,,77297,,,,,,,,,,,,,,,,,,,,,,,,,,,
7613,,,,40211,,,,,,,,,,,,,,,,,,,,,,,,,,,
10542,,,,33438,,,,,,,,,,,,,,,,,,,,,,,,,,,
8015,,,,75032,,,,,,,,,,,,,,,,,,,,,,,,,,,
10617,,,,61284,,,,,,,,,,,,,,,,,,,,,,,,,,,
11166,,,,22518,,,,,,,,,,,,,,,,,,,,,,,,,,,
849,,,,54730,,,,,,,,,,,,,,,,,,,,,,,,,,,
523,,,,38452,,,,,,,,,,,,,,,,,,,,,,,,,,,
4066,,,,44421,,,,,,,,,,,,,,,,,,,,,,,,,,,
8414,,,,38197,,,,,,,,,,,,,,,,,,,,,,,,,,,
819,,,,41986,,,,,,,,,,,,,,,,,,,,,,,,,,,
4961,,,,28427,,,,,,,,,,,,,,,,,,,,,,,,,,,
749,,,,37395,,,,,,,,,,,,,,,,,,,,,,,,,,,
5430,,,,64722,,,,,,,,,,,,,,,,,,,,,,,,,,,
7755,,,,55249,,,,,,,,,,,,,,,,,,,,,,,,,,,
10525,,,,84906,,,,,,,,,,,,,,,,,,,,,,,,,,,
1453,,,,44213,,,,,,,,,,,,,,,,,,,,,,,,,,,
8310,,,,25707,,,,,,,,,,,,,,,,,,,,,,,,,,,
10710,,,,59062,,,,,,,,,,,,,,,,,,,,,,,,,,,
5031,,,,76624,,,,,,,,,,,,,,,,,,,,,,,,,,,
2613,,,,66000,,,,,,,,,,,,,,,,,,,,,,,,,,,
213,,,,27683,,,,,,,,,,,,,,,,,,,,,,,,,,,
967,,,,1730,,,,,,,,,,,,,,,,,,,,,,,,,,,
1077,,,,40521,,,,,,,,,,,,,,,,,,,,,,,,,,,
7959,,,,20427,,,,,,,,,,,,,,,,,,,,,,,,,,,
640,,,,65106,,,,,,,,,,,,,,,,,,,,,,,,,,,
4252,,,,69969,,,,,,,,,,,,,,,,,,,,,,,,,,,
8432,,,,67433,,,,,,,,,,,,,,,,,,,,,,,,,,,
6218,,,,77766,,,,,,,,,,,,,,,,,,,,,,,,,,,
6905,,,,74716,,,,,,,,,,,,,,,,,,,,,,,,,,,
5922,,,,55158,,,,,,,,,,,,,,,,,,,,,,,,,,,
3598,,,,62972,,,,,,,,,,,,,,,,,,,,,,,,,,,
6116,,,,74190,,,,,,,,,,,,,,,,,,,,,,,,,,,
6263,,,,39356,,,,,,,,,,,,,,,,,,,,,,,,,,,
10486,,,,76653,,,,,,,,,,,,,,,,,,,,,,,,,,,
2410,,,,90687,,,,,,,,,,,,,,,,,,,,,,,,,,,
193,,,,73450,,,,,,,,,,,,,,,,,,,,,,,,,,,
3363,,,,31454,,,,,,,,,,,,,,,,,,,,,,,,,,,
8278,,,,47139,,,,,,,,,,,,,,,,,,,,,,,,,,,
10660,,,,53378,,,,,,,,,,,,,,,,,,,,,,,,,,,
8686,,,,19656,,,,,,,,,,,,,,,,,,,,,,,,,,,
1604,,,,45579,,,,,,,,,,,,,,,,,,,,,,,,,,,
5907,,,,85485,,,,,,,,,,,,,,,,,,,,,,,,,,,
10669,,,,55956,,,,,,,,,,,,,,,,,,,,,,,,,,,
2918,,,,64191,,,,,,,,,,,,,,,,,,,,,,,,,,,
5735,,,,38808,,,,,,,,,,,,,,,,,,,,,,,,,,,
359,,,,57183,,,,,,,,,,,,,,,,,,,,,,,,,,,
8387,,,,23748,,,,,,,,,,,,,,,,,,,,,,,,,,,
1829,,,,66303,,,,,,,,,,,,,,,,,,,,,,,,,,,
3839,,,,37368,,,,,,,,,,,,,,,,,,,,,,,,,,,
9392,,,,40800,,,,,,,,,,,,,,,,,,,,,,,,,,,
2292,,,,71847,,,,,,,,,,,,,,,,,,,,,,,,,,,
10466,,,,46149,,,,,,,,,,,,,,,,,,,,,,,,,,,
9855,,,,78687,,,,,,,,,,,,,,,,,,,,,,,,,,,
4088,,,,49118,,,,,,,,,,,,,,,,,,,,,,,,,,,
5231,,,,37633,,,,,,,,,,,,,,,,,,,,,,,,,,,
590,,,,39767,,,,,,,,,,,,,,,,,,,,,,,,,,,
8732,,,,26997,,,,,,,,,,,,,,,,,,,,,,,,,,,
2315,,,,33986,,,,,,,,,,,,,,,,,,,,,,,,,,,
3515,,,,46831,,,,,,,,,,,,,,,,,,,,,,,,,,,
2245,,,,52531,,,,,,,,,,,,,,,,,,,,,,,,,,,
6283,,,,15759,,,,,,,,,,,,,,,,,,,,,,,,,,,
2246,,,,43050,,,,,,,,,,,,,,,,,,,,,,,,,,,
6606,,,,42997,,,,,,,,,,,,,,,,,,,,,,,,,,,
5545,,,,48918,,,,,,,,,,,,,,,,,,,,,,,,,,,
7342,,,,60033,,,,,,,,,,,,,,,,,,,,,,,,,,,
837,,,,34043,,,,,,,,,,,,,,,,,,,,,,,,,,,
9500,,,,57811,,,,,,,,,,,,,,,,,,,,,,,,,,,
3602,,,,78569,,,,,,,,,,,,,,,,,,,,,,,,,,,
234,,,,157733,,,,,,,,,,,,,,,,,,,,,,,,,,,
2995,,,,23148,,,,,,,,,,,,,,,,,,,,,,,,,,,
1118,,,,44267,,,,,,,,,,,,,,,,,,,,,,,,,,,
7789,,,,71626,,,,,,,,,,,,,,,,,,,,,,,,,,,
3068,,,,60894,,,,,,,,,,,,,,,,,,,,,,,,,,,
8955,,,,50200,,,,,,,,,,,,,,,,,,,,,,,,,,,
945,,,,81051,,,,,,,,,,,,,,,,,,,,,,,,,,,
5644,,,,65169,,,,,,,,,,,,,,,,,,,,,,,,,,,
7192,,,,59868,,,,,,,,,,,,,,,,,,,,,,,,,,,
2324,,,,65695,,,,,,,,,,,,,,,,,,,,,,,,,,,
697,,,,64857,,,,,,,,,,,,,,,,,,,,,,,,,,,
3439,,,,45143,,,,,,,,,,,,,,,,,,,,,,,,,,,
1506,,,,74805,,,,,,,,,,,,,,,,,,,,,,,,,,,
232,,,,59060,,,,,,,,,,,,,,,,,,,,,,,,,,,
8876,,,,27238,,,,,,,,,,,,,,,,,,,,,,,,,,,
4500,,,,47009,,,,,,,,,,,,,,,,,,,,,,,,,,,
9739,,,,46094,,,,,,,,,,,,,,,,,,,,,,,,,,,
10395,,,,37235,,,,,,,,,,,,,,,,,,,,,,,,,,,
1176,,,,81843,,,,,,,,,,,,,,,,,,,,,,,,,,,
1627,,,,46692,,,,,,,,,,,,,,,,,,,,,,,,,,,
938,,,,77382,,,,,,,,,,,,,,,,,,,,,,,,,,,
2740,,,,37774,,,,,,,,,,,,,,,,,,,,,,,,,,,
257,,,,18393,,,,,,,,,,,,,,,,,,,,,,,,,,,
4058,,,,72828,,,,,,,,,,,,,,,,,,,,,,,,,,,
7736,,,,24711,,,,,,,,,,,,,,,,,,,,,,,,,,,
8210,,,,45503,,,,,,,,,,,,,,,,,,,,,,,,,,,
833,,,,6560,,,,,,,,,,,,,,,,,,,,,,,,,,,
6230,,,,71604,,,,,,,,,,,,,,,,,,,,,,,,,,,
7325,,,,27244,,,,,,,,,,,,,,,,,,,,,,,,,,,
1307,,,,48752,,,,,,,,,,,,,,,,,,,,,,,,,,,
1502,,,,71434,,,,,,,,,,,,,,,,,,,,,,,,,,,
6211,,,,90842,,,,,,,,,,,,,,,,,,,,,,,,,,,
843,,,,88097,,,,,,,,,,,,,,,,,,,,,,,,,,,
4174,,,,51948,,,,,,,,,,,,,,,,,,,,,,,,,,,
9757,,,,71853,,,,,,,,,,,,,,,,,,,,,,,,,,,
6918,,,,35876,,,,,,,,,,,,,,,,,,,,,,,,,,,
286,,,,39660,,,,,,,,,,,,,,,,,,,,,,,,,,,
11086,,,,50127,,,,,,,,,,,,,,,,,,,,,,,,,,,
1921,,,,43263,,,,,,,,,,,,,,,,,,,,,,,,,,,
4138,,,,18929,,,,,,,,,,,,,,,,,,,,,,,,,,,
7718,,,,24367,,,,,,,,,,,,,,,,,,,,,,,,,,,
1291,,,,26887,,,,,,,,,,,,,,,,,,,,,,,,,,,
6862,,,,62061,,,,,,,,,,,,,,,,,,,,,,,,,,,
4136,,,,76542,,,,,,,,,,,,,,,,,,,,,,,,,,,
803,,,,70515,,,,,,,,,,,,,,,,,,,,,,,,,,,
4298,,,,18227,,,,,,,,,,,,,,,,,,,,,,,,,,,
10833,,,,69139,,,,,,,,,,,,,,,,,,,,,,,,,,,
9606,,,,69109,,,,,,,,,,,,,,,,,,,,,,,,,,,
8534,,,,69627,,,,,,,,,,,,,,,,,,,,,,,,,,,
5153,,,,38136,,,,,,,,,,,,,,,,,,,,,,,,,,,
961,,,,62159,,,,,,,,,,,,,,,,,,,,,,,,,,,
5011,,,,80695,,,,,,,,,,,,,,,,,,,,,,,,,,,
6653,,,,33316,,,,,,,,,,,,,,,,,,,,,,,,,,,
9094,,,,58554,,,,,,,,,,,,,,,,,,,,,,,,,,,
810,,,,17256,,,,,,,,,,,,,,,,,,,,,,,,,,,
5493,,,,53034,,,,,,,,,,,,,,,,,,,,,,,,,,,
2147,,,,52203,,,,,,,,,,,,,,,,,,,,,,,,,,,
5107,,,,59601,,,,,,,,,,,,,,,,,,,,,,,,,,,
3979,,,,75154,,,,,,,,,,,,,,,,,,,,,,,,,,,
6049,,,,37971,,,,,,,,,,,,,,,,,,,,,,,,,,,
8147,,,,67267,,,,,,,,,,,,,,,,,,,,,,,,,,,
1857,,,,57338,,,,,,,,,,,,,,,,,,,,,,,,,,,
3910,,,,50523,,,,,,,,,,,,,,,,,,,,,,,,,,,
5207,,,,56242,,,,,,,,,,,,,,,,,,,,,,,,,,,
11114,,,,48904,,,,,,,,,,,,,,,,,,,,,,,,,,,
5429,,,,56243,,,,,,,,,,,,,,,,,,,,,,,,,,,
9400,,,,21355,,,,,,,,,,,,,,,,,,,,,,,,,,,
1740,,,,57420,,,,,,,,,,,,,,,,,,,,,,,,,,,
7488,,,,46390,,,,,,,,,,,,,,,,,,,,,,,,,,,
195,,,,54342,,,,,,,,,,,,,,,,,,,,,,,,,,,
635,,,,20895,,,,,,,,,,,,,,,,,,,,,,,,,,,
7527,,,,92344,,,,,,,,,,,,,,,,,,,,,,,,,,,
10319,,,,44964,,,,,,,,,,,,,,,,,,,,,,,,,,,
2296,,,,53761,,,,,,,,,,,,,,,,,,,,,,,,,,,
10637,,,,22682,,,,,,,,,,,,,,,,,,,,,,,,,,,
2931,,,,38887,,,,,,,,,,,,,,,,,,,,,,,,,,,
907,,,,41658,,,,,,,,,,,,,,,,,,,,,,,,,,,
3698,,,,29791,,,,,,,,,,,,,,,,,,,,,,,,,,,
9516,,,,63915,,,,,,,,,,,,,,,,,,,,,,,,,,,
679,,,,39996,,,,,,,,,,,,,,,,,,,,,,,,,,,
7384,,,,26759,,,,,,,,,,,,,,,,,,,,,,,,,,,
5043,,,,51039,,,,,,,,,,,,,,,,,,,,,,,,,,,
5267,,,,60544,,,,,,,,,,,,,,,,,,,,,,,,,,,
339,,,,37716,,,,,,,,,,,,,,,,,,,,,,,,,,,
2516,,,,36864,,,,,,,,,,,,,,,,,,,,,,,,,,,
9010,,,,44511,,,,,,,,,,,,,,,,,,,,,,,,,,,
378,,,,36947,,,,,,,,,,,,,,,,,,,,,,,,,,,
4808,,,,67087,,,,,,,,,,,,,,,,,,,,,,,,,,,
5068,,,,57045,,,,,,,,,,,,,,,,,,,,,,,,,,,
7628,,,,36957,,,,,,,,,,,,,,,,,,,,,,,,,,,
7128,,,,69389,,,,,,,,,,,,,,,,,,,,,,,,,,,
2811,,,,43142,,,,,,,,,,,,,,,,,,,,,,,,,,,
3551,,,,80589,,,,,,,,,,,,,,,,,,,,,,,,,,,
1663,,,,34412,,,,,,,,,,,,,,,,,,,,,,,,,,,
5543,,,,57537,,,,,,,,,,,,,,,,,,,,,,,,,,,
1577,,,,51315,,,,,,,,,,,,,,,,,,,,,,,,,,,
10641,,,,36026,,,,,,,,,,,,,,,,,,,,,,,,,,,
5336,,,,24639,,,,,,,,,,,,,,,,,,,,,,,,,,,
6024,,,,34578,,,,,,,,,,,,,,,,,,,,,,,,,,,
1878,,,,65704,,,,,,,,,,,,,,,,,,,,,,,,,,,
3099,,,,54132,,,,,,,,,,,,,,,,,,,,,,,,,,,
6055,,,,28164,,,,,,,,,,,,,,,,,,,,,,,,,,,
5841,,,,43269,,,,,,,,,,,,,,,,,,,,,,,,,,,
3972,,,,38741,,,,,,,,,,,,,,,,,,,,,,,,,,,
4394,,,,31907,,,,,,,,,,,,,,,,,,,,,,,,,,,
5758,,,,31163,,,,,,,,,,,,,,,,,,,,,,,,,,,
6658,,,,92533,,,,,,,,,,,,,,,,,,,,,,,,,,,
4603,,,,34853,,,,,,,,,,,,,,,,,,,,,,,,,,,
8427,,,,70844,,,,,,,,,,,,,,,,,,,,,,,,,,,
10260,,,,31086,,,,,,,,,,,,,,,,,,,,,,,,,,,
7143,,,,20491,,,,,,,,,,,,,,,,,,,,,,,,,,,
8789,,,,42523,,,,,,,,,,,,,,,,,,,,,,,,,,,
6197,,,,33402,,,,,,,,,,,,,,,,,,,,,,,,,,,
4554,,,,36408,,,,,,,,,,,,,,,,,,,,,,,,,,,
4937,,,,21645,,,,,,,,,,,,,,,,,,,,,,,,,,,
1920,,,,78427,,,,,,,,,,,,,,,,,,,,,,,,,,,
8749,,,,82657,,,,,,,,,,,,,,,,,,,,,,,,,,,
1650,,,,51876,,,,,,,,,,,,,,,,,,,,,,,,,,,
10377,,,,78041,,,,,,,,,,,,,,,,,,,,,,,,,,,
9206,,,,52852,,,,,,,,,,,,,,,,,,,,,,,,,,,
10971,,,,70038,,,,,,,,,,,,,,,,,,,,,,,,,,,
6398,,,,69401,,,,,,,,,,,,,,,,,,,,,,,,,,,
9212,,,,46053,,,,,,,,,,,,,,,,,,,,,,,,,,,
7937,,,,77343,,,,,,,,,,,,,,,,,,,,,,,,,,,
839,,,,73892,,,,,,,,,,,,,,,,,,,,,,,,,,,
4246,,,,40304,,,,,,,,,,,,,,,,,,,,,,,,,,,
158,,,,32727,,,,,,,,,,,,,,,,,,,,,,,,,,,
4832,,,,43300,,,,,,,,,,,,,,,,,,,,,,,,,,,
5621,,,,26290,,,,,,,,,,,,,,,,,,,,,,,,,,,
1945,,,,93790,,,,,,,,,,,,,,,,,,,,,,,,,,,
5147,,,,38410,,,,,,,,,,,,,,,,,,,,,,,,,,,
2535,,,,64866,,,,,,,,,,,,,,,,,,,,,,,,,,,
11039,,,,57957,,,,,,,,,,,,,,,,,,,,,,,,,,,
9495,,,,16531,,,,,,,,,,,,,,,,,,,,,,,,,,,
9635,,,,28072,,,,,,,,,,,,,,,,,,,,,,,,,,,
2173,,,,49476,,,,,,,,,,,,,,,,,,,,,,,,,,,
942,,,,50725,,,,,,,,,,,,,,,,,,,,,,,,,,,
9386,,,,41145,,,,,,,,,,,,,,,,,,,,,,,,,,,
5510,,,,67419,,,,,,,,,,,,,,,,,,,,,,,,,,,
873,,,,23162,,,,,,,,,,,,,,,,,,,,,,,,,,,
2253,,,,34380,,,,,,,,,,,,,,,,,,,,,,,,,,,
5181,,,,34704,,,,,,,,,,,,,,,,,,,,,,,,,,,
979,,,,94871,,,,,,,,,,,,,,,,,,,,,,,,,,,
10390,,,,65148,,,,,,,,,,,,,,,,,,,,,,,,,,,
4698,,,,39898,,,,,,,,,,,,,,,,,,,,,,,,,,,
7793,,,,59892,,,,,,,,,,,,,,,,,,,,,,,,,,,
1745,,,,41020,,,,,,,,,,,,,,,,,,,,,,,,,,,
10590,,,,57072,,,,,,,,,,,,,,,,,,,,,,,,,,,
5080,,,,19414,,,,,,,,,,,,,,,,,,,,,,,,,,,
8369,,,,19107,,,,,,,,,,,,,,,,,,,,,,,,,,,
5232,,,,75484,,,,,,,,,,,,,,,,,,,,,,,,,,,
2407,,,,70379,,,,,,,,,,,,,,,,,,,,,,,,,,,
3834,,,,79419,,,,,,,,,,,,,,,,,,,,,,,,,,,
7912,,,,64014,,,,,,,,,,,,,,,,,,,,,,,,,,,
7712,,,,76998,,,,,,,,,,,,,,,,,,,,,,,,,,,
1065,,,,49854,,,,,,,,,,,,,,,,,,,,,,,,,,,
7275,,,,60585,,,,,,,,,,,,,,,,,,,,,,,,,,,
1343,,,,42873,,,,,,,,,,,,,,,,,,,,,,,,,,,
1384,,,,87679,,,,,,,,,,,,,,,,,,,,,,,,,,,
9967,,,,57867,,,,,,,,,,,,,,,,,,,,,,,,,,,
6181,,,,35765,,,,,,,,,,,,,,,,,,,,,,,,,,,
10507,,,,65492,,,,,,,,,,,,,,,,,,,,,,,,,,,
2674,,,,32952,,,,,,,,,,,,,,,,,,,,,,,,,,,
2698,,,,53374,,,,,,,,,,,,,,,,,,,,,,,,,,,
3231,,,,71706,,,,,,,,,,,,,,,,,,,,,,,,,,,
4096,,,,68487,,,,,,,,,,,,,,,,,,,,,,,,,,,
10476,,,,53253,,,,,,,,,,,,,,,,,,,,,,,,,,,
5948,,,,42014,,,,,,,,,,,,,,,,,,,,,,,,,,,
9140,,,,54108,,,,,,,,,,,,,,,,,,,,,,,,,,,
10258,,,,49667,,,,,,,,,,,,,,,,,,,,,,,,,,,
5675,,,,63206,,,,,,,,,,,,,,,,,,,,,,,,,,,
4743,,,,57136,,,,,,,,,,,,,,,,,,,,,,,,,,,
8805,,,,46772,,,,,,,,,,,,,,,,,,,,,,,,,,,
1542,,,,78931,,,,,,,,,,,,,,,,,,,,,,,,,,,
6770,,,,53977,,,,,,,,,,,,,,,,,,,,,,,,,,,
8773,,,,73538,,,,,,,,,,,,,,,,,,,,,,,,,,,
10475,,,,79529,,,,,,,,,,,,,,,,,,,,,,,,,,,
10420,,,,20981,,,,,,,,,,,,,,,,,,,,,,,,,,,
7514,,,,51766,,,,,,,,,,,,,,,,,,,,,,,,,,,
2902,,,,55759,,,,,,,,,,,,,,,,,,,,,,,,,,,
4345,,,,37787,,,,,,,,,,,,,,,,,,,,,,,,,,,
793,,,,27242,,,,,,,,,,,,,,,,,,,,,,,,,,,
10909,,,,87188,,,,,,,,,,,,,,,,,,,,,,,,,,,
3769,,,,69930,,,,,,,,,,,,,,,,,,,,,,,,,,,
8702,,,,37697,,,,,,,,,,,,,,,,,,,,,,,,,,,
4791,,,,3502,,,,,,,,,,,,,,,,,,,,,,,,,,,
2963,,,,58597,,,,,,,,,,,,,,,,,,,,,,,,,,,
8216,,,,82032,,,,,,,,,,,,,,,,,,,,,,,,,,,
8140,,,,28087,,,,,,,,,,,,,,,,,,,,,,,,,,,
10146,,,,74004,,,,,,,,,,,,,,,,,,,,,,,,,,,
5289,,,,19740,,,,,,,,,,,,,,,,,,,,,,,,,,,
2587,,,,57036,,,,,,,,,,,,,,,,,,,,,,,,,,,
4405,,,,53083,,,,,,,,,,,,,,,,,,,,,,,,,,,
8663,,,,69283,,,,,,,,,,,,,,,,,,,,,,,,,,,
2589,,,,23331,,,,,,,,,,,,,,,,,,,,,,,,,,,
3421,,,,9255,,,,,,,,,,,,,,,,,,,,,,,,,,,
10490,,,,67786,,,,,,,,,,,,,,,,,,,,,,,,,,,
4094,,,,71969,,,,,,,,,,,,,,,,,,,,,,,,,,,
9958,,,,59235,,,,,,,,,,,,,,,,,,,,,,,,,,,
2534,,,,31928,,,,,,,,,,,,,,,,,,,,,,,,,,,
4188,,,,74881,,,,,,,,,,,,,,,,,,,,,,,,,,,
6613,,,,65819,,,,,,,,,,,,,,,,,,,,,,,,,,,
10827,,,,51411,,,,,,,,,,,,,,,,,,,,,,,,,,,
5491,,,,51983,,,,,,,,,,,,,,,,,,,,,,,,,,,
8402,,,,30390,,,,,,,,,,,,,,,,,,,,,,,,,,,
8783,,,,30983,,,,,,,,,,,,,,,,,,,,,,,,,,,
10010,,,,66033,,,,,,,,,,,,,,,,,,,,,,,,,,,
618,,,,37284,,,,,,,,,,,,,,,,,,,,,,,,,,,
9121,,,,57530,,,,,,,,,,,,,,,,,,,,,,,,,,,
361,,,,76800,,,,,,,,,,,,,,,,,,,,,,,,,,,
4310,,,,63943,,,,,,,,,,,,,,,,,,,,,,,,,,,
2678,,,,37054,,,,,,,,,,,,,,,,,,,,,,,,,,,
6376,,,,47175,,,,,,,,,,,,,,,,,,,,,,,,,,,
524,,,,31859,,,,,,,,,,,,,,,,,,,,,,,,,,,
10341,,,,27215,,,,,,,,,,,,,,,,,,,,,,,,,,,
5654,,,,70179,,,,,,,,,,,,,,,,,,,,,,,,,,,
4098,,,,24645,,,,,,,,,,,,,,,,,,,,,,,,,,,
5824,,,,79865,,,,,,,,,,,,,,,,,,,,,,,,,,,
7000,,,,44322,,,,,,,,,,,,,,,,,,,,,,,,,,,
2561,,,,47958,,,,,,,,,,,,,,,,,,,,,,,,,,,
5229,,,,63972,,,,,,,,,,,,,,,,,,,,,,,,,,,
4086,,,,75315,,,,,,,,,,,,,,,,,,,,,,,,,,,
2428,,,,55517,,,,,,,,,,,,,,,,,,,,,,,,,,,
8254,,,,75283,,,,,,,,,,,,,,,,,,,,,,,,,,,
2836,,,,27161,,,,,,,,,,,,,,,,,,,,,,,,,,,
8418,,,,38201,,,,,,,,,,,,,,,,,,,,,,,,,,,
1362,,,,45203,,,,,,,,,,,,,,,,,,,,,,,,,,,
7152,,,,81574,,,,,,,,,,,,,,,,,,,,,,,,,,,
10033,,,,60482,,,,,,,,,,,,,,,,,,,,,,,,,,,
9349,,,,34633,,,,,,,,,,,,,,,,,,,,,,,,,,,
274,,,,78093,,,,,,,,,,,,,,,,,,,,,,,,,,,
3388,,,,82460,,,,,,,,,,,,,,,,,,,,,,,,,,,
922,,,,45903,,,,,,,,,,,,,,,,,,,,,,,,,,,
8588,,,,40442,,,,,,,,,,,,,,,,,,,,,,,,,,,
2518,,,,61482,,,,,,,,,,,,,,,,,,,,,,,,,,,
574,,,,34968,,,,,,,,,,,,,,,,,,,,,,,,,,,
3220,,,,75794,,,,,,,,,,,,,,,,,,,,,,,,,,,
5967,,,,74268,,,,,,,,,,,,,,,,,,,,,,,,,,,
1183,,,,13724,,,,,,,,,,,,,,,,,,,,,,,,,,,
6856,,,,52569,,,,,,,,,,,,,,,,,,,,,,,,,,,
4530,,,,48432,,,,,,,,,,,,,,,,,,,,,,,,,,,
1553,,,,36108,,,,,,,,,,,,,,,,,,,,,,,,,,,
4682,,,,76445,,,,,,,,,,,,,,,,,,,,,,,,,,,
8204,,,,36663,,,,,,,,,,,,,,,,,,,,,,,,,,,
5221,,,,53843,,,,,,,,,,,,,,,,,,,,,,,,,,,
1232,,,,90226,,,,,,,,,,,,,,,,,,,,,,,,,,,
1927,,,,70638,,,,,,,,,,,,,,,,,,,,,,,,,,,
5788,,,,44512,,,,,,,,,,,,,,,,,,,,,,,,,,,
6652,,,,27116,,,,,,,,,,,,,,,,,,,,,,,,,,,
6246,,,,54072,,,,,,,,,,,,,,,,,,,,,,,,,,,
5975,,,,71855,,,,,,,,,,,,,,,,,,,,,,,,,,,
6875,,,,51250,,,,,,,,,,,,,,,,,,,,,,,,,,,
4399,,,,60432,,,,,,,,,,,,,,,,,,,,,,,,,,,
4042,,,,12393,,,,,,,,,,,,,,,,,,,,,,,,,,,
2157,,,,64509,,,,,,,,,,,,,,,,,,,,,,,,,,,
10133,,,,33955,,,,,,,,,,,,,,,,,,,,,,,,,,,
2525,,,,55434,,,,,,,,,,,,,,,,,,,,,,,,,,,
8233,,,,28359,,,,,,,,,,,,,,,,,,,,,,,,,,,
9483,,,,52973,,,,,,,,,,,,,,,,,,,,,,,,,,,
2945,,,,51717,,,,,,,,,,,,,,,,,,,,,,,,,,,
10403,,,,18793,,,,,,,,,,,,,,,,,,,,,,,,,,,
5074,,,,50664,,,,,,,,,,,,,,,,,,,,,,,,,,,
10524,,,,54414,,,,,,,,,,,,,,,,,,,,,,,,,,,
4690,,,,54549,,,,,,,,,,,,,,,,,,,,,,,,,,,
7521,,,,47111,,,,,,,,,,,,,,,,,,,,,,,,,,,
7196,,,,41003,,,,,,,,,,,,,,,,,,,,,,,,,,,
4406,,,,19444,,,,,,,,,,,,,,,,,,,,,,,,,,,
9672,,,,36301,,,,,,,,,,,,,,,,,,,,,,,,,,,
4864,,,,42731,,,,,,,,,,,,,,,,,,,,,,,,,,,
4706,,,,52854,,,,,,,,,,,,,,,,,,,,,,,,,,,
4070,,,,22775,,,,,,,,,,,,,,,,,,,,,,,,,,,
25,,,,59821,,,,,,,,,,,,,,,,,,,,,,,,,,,
3697,,,,50002,,,,,,,,,,,,,,,,,,,,,,,,,,,
217,,,,69755,,,,,,,,,,,,,,,,,,,,,,,,,,,
4220,,,,44078,,,,,,,,,,,,,,,,,,,,,,,,,,,
5286,,,,30560,,,,,,,,,,,,,,,,,,,,,,,,,,,
9559,,,,35924,,,,,,,,,,,,,,,,,,,,,,,,,,,
2849,,,,64140,,,,,,,,,,,,,,,,,,,,,,,,,,,
7787,,,,56386,,,,,,,,,,,,,,,,,,,,,,,,,,,
3102,,,,75774,,,,,,,,,,,,,,,,,,,,,,,,,,,
5868,,,,39228,,,,,,,,,,,,,,,,,,,,,,,,,,,
8370,,,,58494,,,,,,,,,,,,,,,,,,,,,,,,,,,
9988,,,,58684,,,,,,,,,,,,,,,,,,,,,,,,,,,
2939,,,,56551,,,,,,,,,,,,,,,,,,,,,,,,,,,
5529,,,,22448,,,,,,,,,,,,,,,,,,,,,,,,,,,
9743,,,,82014,,,,,,,,,,,,,,,,,,,,,,,,,,,
5763,,,,34213,,,,,,,,,,,,,,,,,,,,,,,,,,,
3478,,,,157146,,,,,,,,,,,,,,,,,,,,,,,,,,,
7494,,,,25358,,,,,,,,,,,,,,,,,,,,,,,,,,,
1763,,,,35544,,,,,,,,,,,,,,,,,,,,,,,,,,,
7250,,,,36634,,,,,,,,,,,,,,,,,,,,,,,,,,,
2005,,,,62670,,,,,,,,,,,,,,,,,,,,,,,,,,,
10770,,,,50334,,,,,,,,,,,,,,,,,,,,,,,,,,,
6885,,,,72066,,,,,,,,,,,,,,,,,,,,,,,,,,,
2072,,,,50729,,,,,,,,,,,,,,,,,,,,,,,,,,,
9463,,,,34916,,,,,,,,,,,,,,,,,,,,,,,,,,,
6318,,,,64892,,,,,,,,,,,,,,,,,,,,,,,,,,,
4093,,,,43602,,,,,,,,,,,,,,,,,,,,,,,,,,,
5751,,,,41473,,,,,,,,,,,,,,,,,,,,,,,,,,,
3340,,,,63246,,,,,,,,,,,,,,,,,,,,,,,,,,,
3594,,,,36732,,,,,,,,,,,,,,,,,,,,,,,,,,,
3584,,,,37929,,,,,,,,,,,,,,,,,,,,,,,,,,,
3643,,,,86610,,,,,,,,,,,,,,,,,,,,,,,,,,,
851,,,,80141,,,,,,,,,,,,,,,,,,,,,,,,,,,
7706,,,,69016,,,,,,,,,,,,,,,,,,,,,,,,,,,
3967,,,,20193,,,,,,,,,,,,,,,,,,,,,,,,,,,
10128,,,,27573,,,,,,,,,,,,,,,,,,,,,,,,,,,
486,,,,15862,,,,,,,,,,,,,,,,,,,,,,,,,,,
9,,,,49544,,,,,,,,,,,,,,,,,,,,,,,,,,,
9451,,,,33228,,,,,,,,,,,,,,,,,,,,,,,,,,,
9264,,,,70440,,,,,,,,,,,,,,,,,,,,,,,,,,,
3865,,,,38232,,,,,,,,,,,,,,,,,,,,,,,,,,,
2853,,,,22554,,,,,,,,,,,,,,,,,,,,,,,,,,,
1490,,,,23536,,,,,,,,,,,,,,,,,,,,,,,,,,,
6310,,,,49413,,,,,,,,,,,,,,,,,,,,,,,,,,,
10380,,,,42231,,,,,,,,,,,,,,,,,,,,,,,,,,,
3887,,,,78789,,,,,,,,,,,,,,,,,,,,,,,,,,,
4278,,,,56534,,,,,,,,,,,,,,,,,,,,,,,,,,,
8643,,,,58350,,,,,,,,,,,,,,,,,,,,,,,,,,,
1998,,,,49090,,,,,,,,,,,,,,,,,,,,,,,,,,,
10795,,,,61787,,,,,,,,,,,,,,,,,,,,,,,,,,,
11110,,,,18169,,,,,,,,,,,,,,,,,,,,,,,,,,,
2408,,,,24336,,,,,,,,,,,,,,,,,,,,,,,,,,,
202,,,,18222,,,,,,,,,,,,,,,,,,,,,,,,,,,
7998,,,,62335,,,,,,,,,,,,,,,,,,,,,,,,,,,
830,,,,42033,,,,,,,,,,,,,,,,,,,,,,,,,,,
3536,,,,86580,,,,,,,,,,,,,,,,,,,,,,,,,,,
6050,,,,41437,,,,,,,,,,,,,,,,,,,,,,,,,,,
125,,,,73705,,,,,,,,,,,,,,,,,,,,,,,,,,,
3463,,,,61064,,,,,,,,,,,,,,,,,,,,,,,,,,,
2804,,,,18358,,,,,,,,,,,,,,,,,,,,,,,,,,,
3745,,,,55012,,,,,,,,,,,,,,,,,,,,,,,,,,,
9771,,,,9722,,,,,,,,,,,,,,,,,,,,,,,,,,,
451,,,,38175,,,,,,,,,,,,,,,,,,,,,,,,,,,
10530,,,,58656,,,,,,,,,,,,,,,,,,,,,,,,,,,
1079,,,,52117,,,,,,,,,,,,,,,,,,,,,,,,,,,
8920,,,,64813,,,,,,,,,,,,,,,,,,,,,,,,,,,
6678,,,,54222,,,,,,,,,,,,,,,,,,,,,,,,,,,
3852,,,,83512,,,,,,,,,,,,,,,,,,,,,,,,,,,
528,,,,77520,,,,,,,,,,,,,,,,,,,,,,,,,,,
73,,,,41154,,,,,,,,,,,,,,,,,,,,,,,,,,,
5589,,,,80398,,,,,,,,,,,,,,,,,,,,,,,,,,,
10212,,,,18746,,,,,,,,,,,,,,,,,,,,,,,,,,,
6365,,,,60230,,,,,,,,,,,,,,,,,,,,,,,,,,,
5636,,,,22108,,,,,,,,,,,,,,,,,,,,,,,,,,,
591,,,,44392,,,,,,,,,,,,,,,,,,,,,,,,,,,
2217,,,,55424,,,,,,,,,,,,,,,,,,,,,,,,,,,
2544,,,,17688,,,,,,,,,,,,,,,,,,,,,,,,,,,
7725,,,,92491,,,,,,,,,,,,,,,,,,,,,,,,,,,
8091,,,,90273,,,,,,,,,,,,,,,,,,,,,,,,,,,
7321,,,,82571,,,,,,,,,,,,,,,,,,,,,,,,,,,
5462,,,,38513,,,,,,,,,,,,,,,,,,,,,,,,,,,
7791,,,,16653,,,,,,,,,,,,,,,,,,,,,,,,,,,
955,,,,42586,,,,,,,,,,,,,,,,,,,,,,,,,,,
4037,,,,23529,,,,,,,,,,,,,,,,,,,,,,,,,,,
6642,,,,71107,,,,,,,,,,,,,,,,,,,,,,,,,,,
2793,,,,46910,,,,,,,,,,,,,,,,,,,,,,,,,,,
5424,,,,37244,,,,,,,,,,,,,,,,,,,,,,,,,,,
879,,,,82427,,,,,,,,,,,,,,,,,,,,,,,,,,,
9530,,,,75342,,,,,,,,,,,,,,,,,,,,,,,,,,,
4828,,,,70044,,,,,,,,,,,,,,,,,,,,,,,,,,,
10699,,,,77437,,,,,,,,,,,,,,,,,,,,,,,,,,,
1497,,,,54984,,,,,,,,,,,,,,,,,,,,,,,,,,,
7476,,,,42403,,,,,,,,,,,,,,,,,,,,,,,,,,,
4390,,,,55761,,,,,,,,,,,,,,,,,,,,,,,,,,,
10478,,,,37292,,,,,,,,,,,,,,,,,,,,,,,,,,,
1081,,,,45576,,,,,,,,,,,,,,,,,,,,,,,,,,,
4261,,,,70321,,,,,,,,,,,,,,,,,,,,,,,,,,,
9916,,,,58086,,,,,,,,,,,,,,,,,,,,,,,,,,,
5350,,,,81795,,,,,,,,,,,,,,,,,,,,,,,,,,,
8135,,,,28389,,,,,,,,,,,,,,,,,,,,,,,,,,,
8685,,,,69901,,,,,,,,,,,,,,,,,,,,,,,,,,,
4967,,,,80360,,,,,,,,,,,,,,,,,,,,,,,,,,,
2130,,,,51569,,,,,,,,,,,,,,,,,,,,,,,,,,,
9298,,,,16014,,,,,,,,,,,,,,,,,,,,,,,,,,,
8175,,,,41120,,,,,,,,,,,,,,,,,,,,,,,,,,,
6257,,,,39763,,,,,,,,,,,,,,,,,,,,,,,,,,,
3790,,,,38725,,,,,,,,,,,,,,,,,,,,,,,,,,,
9952,,,,77981,,,,,,,,,,,,,,,,,,,,,,,,,,,
3503,,,,62905,,,,,,,,,,,,,,,,,,,,,,,,,,,
5223,,,,13533,,,,,,,,,,,,,,,,,,,,,,,,,,,
4608,,,,59481,,,,,,,,,,,,,,,,,,,,,,,,,,,
1626,,,,72117,,,,,,,,,,,,,,,,,,,,,,,,,,,
4764,,,,21955,,,,,,,,,,,,,,,,,,,,,,,,,,,
2471,,,,67131,,,,,,,,,,,,,,,,,,,,,,,,,,,
5892,,,,36802,,,,,,,,,,,,,,,,,,,,,,,,,,,
2612,,,,47808,,,,,,,,,,,,,,,,,,,,,,,,,,,
4971,,,,25509,,,,,,,,,,,,,,,,,,,,,,,,,,,
5185,,,,85431,,,,,,,,,,,,,,,,,,,,,,,,,,,
10069,,,,42664,,,,,,,,,,,,,,,,,,,,,,,,,,,
2262,,,,28973,,,,,,,,,,,,,,,,,,,,,,,,,,,
1131,,,,39435,,,,,,,,,,,,,,,,,,,,,,,,,,,
1041,,,,65370,,,,,,,,,,,,,,,,,,,,,,,,,,,
24,,,,20194,,,,,,,,,,,,,,,,,,,,,,,,,,,
3409,,,,42473,,,,,,,,,,,,,,,,,,,,,,,,,,,
7022,,,,64590,,,,,,,,,,,,,,,,,,,,,,,,,,,
7943,,,,71232,,,,,,,,,,,,,,,,,,,,,,,,,,,
5272,,,,34600,,,,,,,,,,,,,,,,,,,,,,,,,,,
5453,,,,46904,,,,,,,,,,,,,,,,,,,,,,,,,,,
2565,,,,49094,,,,,,,,,,,,,,,,,,,,,,,,,,,
800,,,,36075,,,,,,,,,,,,,,,,,,,,,,,,,,,
11092,,,,60839,,,,,,,,,,,,,,,,,,,,,,,,,,,
5062,,,,82122,,,,,,,,,,,,,,,,,,,,,,,,,,,
8969,,,,34074,,,,,,,,,,,,,,,,,,,,,,,,,,,
4656,,,,28520,,,,,,,,,,,,,,,,,,,,,,,,,,,
4480,,,,62535,,,,,,,,,,,,,,,,,,,,,,,,,,,
9971,,,,36273,,,,,,,,,,,,,,,,,,,,,,,,,,,
6729,,,,63404,,,,,,,,,,,,,,,,,,,,,,,,,,,
1773,,,,78416,,,,,,,,,,,,,,,,,,,,,,,,,,,
9242,,,,59385,,,,,,,,,,,,,,,,,,,,,,,,,,,
1764,,,,44689,,,,,,,,,,,,,,,,,,,,,,,,,,,
6215,,,,7144,,,,,,,,,,,,,,,,,,,,,,,,,,,
10099,,,,90369,,,,,,,,,,,,,,,,,,,,,,,,,,,
5423,,,,63159,,,,,,,,,,,,,,,,,,,,,,,,,,,
940,,,,46757,,,,,,,,,,,,,,,,,,,,,,,,,,,
3011,,,,79734,,,,,,,,,,,,,,,,,,,,,,,,,,,
3298,,,,63207,,,,,,,,,,,,,,,,,,,,,,,,,,,
8286,,,,72071,,,,,,,,,,,,,,,,,,,,,,,,,,,
9668,,,,21840,,,,,,,,,,,,,,,,,,,,,,,,,,,
5120,,,,58582,,,,,,,,,,,,,,,,,,,,,,,,,,,
6097,,,,72282,,,,,,,,,,,,,,,,,,,,,,,,,,,
7019,,,,50387,,,,,,,,,,,,,,,,,,,,,,,,,,,
7408,,,,32583,,,,,,,,,,,,,,,,,,,,,,,,,,,
8041,,,,62568,,,,,,,,,,,,,,,,,,,,,,,,,,,
252,,,,44635,,,,,,,,,,,,,,,,,,,,,,,,,,,
9986,,,,63967,,,,,,,,,,,,,,,,,,,,,,,,,,,
3276,,,,52513,,,,,,,,,,,,,,,,,,,,,,,,,,,
3859,,,,25293,,,,,,,,,,,,,,,,,,,,,,,,,,,
3570,,,,54111,,,,,,,,,,,,,,,,,,,,,,,,,,,
3783,,,,78394,,,,,,,,,,,,,,,,,,,,,,,,,,,
10207,,,,80739,,,,,,,,,,,,,,,,,,,,,,,,,,,
10906,,,,22669,,,,,,,,,,,,,,,,,,,,,,,,,,,
3427,,,,29236,,,,,,,,,,,,,,,,,,,,,,,,,,,
5209,,,,44911,,,,,,,,,,,,,,,,,,,,,,,,,,,
10711,,,,54693,,,,,,,,,,,,,,,,,,,,,,,,,,,
10785,,,,48186,,,,,,,,,,,,,,,,,,,,,,,,,,,
2814,,,,41580,,,,,,,,,,,,,,,,,,,,,,,,,,,
6866,,,,80336,,,,,,,,,,,,,,,,,,,,,,,,,,,
1665,,,,47743,,,,,,,,,,,,,,,,,,,,,,,,,,,
6575,,,,57333,,,,,,,,,,,,,,,,,,,,,,,,,,,
3829,,,,32313,,,,,,,,,,,,,,,,,,,,,,,,,,,
3091,,,,84953,,,,,,,,,,,,,,,,,,,,,,,,,,,
10141,,,,27071,,,,,,,,,,,,,,,,,,,,,,,,,,,
5177,,,,68148,,,,,,,,,,,,,,,,,,,,,,,,,,,
7005,,,,65735,,,,,,,,,,,,,,,,,,,,,,,,,,,
6409,,,,86836,,,,,,,,,,,,,,,,,,,,,,,,,,,
7485,,,,4023,,,,,,,,,,,,,,,,,,,,,,,,,,,
8079,,,,30093,,,,,,,,,,,,,,,,,,,,,,,,,,,
8395,,,,57705,,,,,,,,,,,,,,,,,,,,,,,,,,,
10352,,,,25008,,,,,,,,,,,,,,,,,,,,,,,,,,,
4931,,,,83257,,,,,,,,,,,,,,,,,,,,,,,,,,,
13,,,,22280,,,,,,,,,,,,,,,,,,,,,,,,,,,
1834,,,,72159,,,,,,,,,,,,,,,,,,,,,,,,,,,
2285,,,,64260,,,,,,,,,,,,,,,,,,,,,,,,,,,
2295,,,,82733,,,,,,,,,,,,,,,,,,,,,,,,,,,
1378,,,,74290,,,,,,,,,,,,,,,,,,,,,,,,,,,
2781,,,,58217,,,,,,,,,,,,,,,,,,,,,,,,,,,
1165,,,,21024,,,,,,,,,,,,,,,,,,,,,,,,,,,
1404,,,,70116,,,,,,,,,,,,,,,,,,,,,,,,,,,
6457,,,,54006,,,,,,,,,,,,,,,,,,,,,,,,,,,
2639,,,,69063,,,,,,,,,,,,,,,,,,,,,,,,,,,
8299,,,,11448,,,,,,,,,,,,,,,,,,,,,,,,,,,
6437,,,,70886,,,,,,,,,,,,,,,,,,,,,,,,,,,
6912,,,,60208,,,,,,,,,,,,,,,,,,,,,,,,,,,
7327,,,,32889,,,,,,,,,,,,,,,,,,,,,,,,,,,
5299,,,,34738,,,,,,,,,,,,,,,,,,,,,,,,,,,
4127,,,,30538,,,,,,,,,,,,,,,,,,,,,,,,,,,
8143,,,,82326,,,,,,,,,,,,,,,,,,,,,,,,,,,
1964,,,,26642,,,,,,,,,,,,,,,,,,,,,,,,,,,
3690,,,,69932,,,,,,,,,,,,,,,,,,,,,,,,,,,
3433,,,,44503,,,,,,,,,,,,,,,,,,,,,,,,,,,
3389,,,,60200,,,,,,,,,,,,,,,,,,,,,,,,,,,
4712,,,,49638,,,,,,,,,,,,,,,,,,,,,,,,,,,
1170,,,,23830,,,,,,,,,,,,,,,,,,,,,,,,,,,
6347,,,,33051,,,,,,,,,,,,,,,,,,,,,,,,,,,
4065,,,,72905,,,,,,,,,,,,,,,,,,,,,,,,,,,
8230,,,,69702,,,,,,,,,,,,,,,,,,,,,,,,,,,
1215,,,,70300,,,,,,,,,,,,,,,,,,,,,,,,,,,
5939,,,,70643,,,,,,,,,,,,,,,,,,,,,,,,,,,
2156,,,,30396,,,,,,,,,,,,,,,,,,,,,,,,,,,
7788,,,,62772,,,,,,,,,,,,,,,,,,,,,,,,,,,
10323,,,,30298,,,,,,,,,,,,,,,,,,,,,,,,,,,
7947,,,,44155,,,,,,,,,,,,,,,,,,,,,,,,,,,
1891,,,,86979,,,,,,,,,,,,,,,,,,,,,,,,,,,
2570,,,,76532,,,,,,,,,,,,,,,,,,,,,,,,,,,
9256,,,,42081,,,,,,,,,,,,,,,,,,,,,,,,,,,
295,,,,88420,,,,,,,,,,,,,,,,,,,,,,,,,,,
7397,,,,31158,,,,,,,,,,,,,,,,,,,,,,,,,,,
6349,,,,61671,,,,,,,,,,,,,,,,,,,,,,,,,,,
10790,,,,69719,,,,,,,,,,,,,,,,,,,,,,,,,,,
10398,,,,49160,,,,,,,,,,,,,,,,,,,,,,,,,,,
2431,,,,90933,,,,,,,,,,,,,,,,,,,,,,,,,,,
550,,,,113734,,,,,,,,,,,,,,,,,,,,,,,,,,,
1890,,,,22148,,,,,,,,,,,,,,,,,,,,,,,,,,,
10742,,,,73395,,,,,,,,,,,,,,,,,,,,,,,,,,,
10356,,,,29819,,,,,,,,,,,,,,,,,,,,,,,,,,,
4676,,,,45688,,,,,,,,,,,,,,,,,,,,,,,,,,,
8852,,,,60491,,,,,,,,,,,,,,,,,,,,,,,,,,,
3565,,,,33235,,,,,,,,,,,,,,,,,,,,,,,,,,,
5294,,,,35701,,,,,,,,,,,,,,,,,,,,,,,,,,,
1958,,,,31535,,,,,,,,,,,,,,,,,,,,,,,,,,,
7349,,,,92556,,,,,,,,,,,,,,,,,,,,,,,,,,,
8799,,,,67384,,,,,,,,,,,,,,,,,,,,,,,,,,,
1351,,,,77870,,,,,,,,,,,,,,,,,,,,,,,,,,,
1045,,,,57107,,,,,,,,,,,,,,,,,,,,,,,,,,,
7732,,,,36038,,,,,,,,,,,,,,,,,,,,,,,,,,,
8070,,,,34230,,,,,,,,,,,,,,,,,,,,,,,,,,,
477,,,,31878,,,,,,,,,,,,,,,,,,,,,,,,,,,
7832,,,,70932,,,,,,,,,,,,,,,,,,,,,,,,,,,
2202,,,,91249,,,,,,,,,,,,,,,,,,,,,,,,,,,
7396,,,,77598,,,,,,,,,,,,,,,,,,,,,,,,,,,
4055,,,,80982,,,,,,,,,,,,,,,,,,,,,,,,,,,
10340,,,,22701,,,,,,,,,,,,,,,,,,,,,,,,,,,
10091,,,,70617,,,,,,,,,,,,,,,,,,,,,,,,,,,
7629,,,,64849,,,,,,,,,,,,,,,,,,,,,,,,,,,
10640,,,,62694,,,,,,,,,,,,,,,,,,,,,,,,,,,
3498,,,,61917,,,,,,,,,,,,,,,,,,,,,,,,,,,
6742,,,,67472,,,,,,,,,,,,,,,,,,,,,,,,,,,
1172,,,,21059,,,,,,,,,,,,,,,,,,,,,,,,,,,
569,,,,29543,,,,,,,,,,,,,,,,,,,,,,,,,,,
4686,,,,75903,,,,,,,,,,,,,,,,,,,,,,,,,,,
1381,,,,34984,,,,,,,,,,,,,,,,,,,,,,,,,,,
2634,,,,54998,,,,,,,,,,,,,,,,,,,,,,,,,,,
10905,,,,54356,,,,,,,,,,,,,,,,,,,,,,,,,,,
1744,,,,34242,,,,,,,,,,,,,,,,,,,,,,,,,,,
1000,,,,25410,,,,,,,,,,,,,,,,,,,,,,,,,,,
3828,,,,73356,,,,,,,,,,,,,,,,,,,,,,,,,,,
8605,,,,28320,,,,,,,,,,,,,,,,,,,,,,,,,,,
10304,,,,23763,,,,,,,,,,,,,,,,,,,,,,,,,,,
4351,,,,72570,,,,,,,,,,,,,,,,,,,,,,,,,,,
10129,,,,34529,,,,,,,,,,,,,,,,,,,,,,,,,,,
2499,,,,70792,,,,,,,,,,,,,,,,,,,,,,,,,,,
10092,,,,63211,,,,,,,,,,,,,,,,,,,,,,,,,,,
7500,,,,83891,,,,,,,,,,,,,,,,,,,,,,,,,,,
5796,,,,36065,,,,,,,,,,,,,,,,,,,,,,,,,,,
10556,,,,51141,,,,,,,,,,,,,,,,,,,,,,,,,,,
1064,,,,56939,,,,,,,,,,,,,,,,,,,,,,,,,,,
48,,,,80872,,,,,,,,,,,,,,,,,,,,,,,,,,,
7610,,,,72335,,,,,,,,,,,,,,,,,,,,,,,,,,,
263,,,,61798,,,,,,,,,,,,,,,,,,,,,,,,,,,
10814,,,,76842,,,,,,,,,,,,,,,,,,,,,,,,,,,
9710,,,,29478,,,,,,,,,,,,,,,,,,,,,,,,,,,
9292,,,,46998,,,,,,,,,,,,,,,,,,,,,,,,,,,
10250,,,,96843,,,,,,,,,,,,,,,,,,,,,,,,,,,
7881,,,,70053,,,,,,,,,,,,,,,,,,,,,,,,,,,
5847,,,,71670,,,,,,,,,,,,,,,,,,,,,,,,,,,
737,,,,44359,,,,,,,,,,,,,,,,,,,,,,,,,,,
3571,,,,40887,,,,,,,,,,,,,,,,,,,,,,,,,,,
7807,,,,48877,,,,,,,,,,,,,,,,,,,,,,,,,,,
3878,,,,74485,,,,,,,,,,,,,,,,,,,,,,,,,,,
5092,,,,64474,,,,,,,,,,,,,,,,,,,,,,,,,,,
2154,,,,77226,,,,,,,,,,,,,,,,,,,,,,,,,,,
5394,,,,72643,,,,,,,,,,,,,,,,,,,,,,,,,,,
3798,,,,85738,,,,,,,,,,,,,,,,,,,,,,,,,,,
3524,,,,55686,,,,,,,,,,,,,,,,,,,,,,,,,,,
5247,,,,39062,,,,,,,,,,,,,,,,,,,,,,,,,,,
5883,,,,40794,,,,,,,,,,,,,,,,,,,,,,,,,,,
2118,,,,4428,,,,,,,,,,,,,,,,,,,,,,,,,,,
8812,,,,32632,,,,,,,,,,,,,,,,,,,,,,,,,,,
6616,,,,38236,,,,,,,,,,,,,,,,,,,,,,,,,,,
2797,,,,36781,,,,,,,,,,,,,,,,,,,,,,,,,,,
4328,,,,31385,,,,,,,,,,,,,,,,,,,,,,,,,,,
9167,,,,24570,,,,,,,,,,,,,,,,,,,,,,,,,,,
10560,,,,94642,,,,,,,,,,,,,,,,,,,,,,,,,,,
2631,,,,58646,,,,,,,,,,,,,,,,,,,,,,,,,,,
8312,,,,53201,,,,,,,,,,,,,,,,,,,,,,,,,,,
5534,,,,57113,,,,,,,,,,,,,,,,,,,,,,,,,,,
5093,,,,51373,,,,,,,,,,,,,,,,,,,,,,,,,,,
7592,,,,23477,,,,,,,,,,,,,,,,,,,,,,,,,,,
8895,,,,58116,,,,,,,,,,,,,,,,,,,,,,,,,,,
8584,,,,72968,,,,,,,,,,,,,,,,,,,,,,,,,,,
2694,,,,39791,,,,,,,,,,,,,,,,,,,,,,,,,,,
8910,,,,91712,,,,,,,,,,,,,,,,,,,,,,,,,,,
7433,,,,94472,,,,,,,,,,,,,,,,,,,,,,,,,,,
164,,,,13672,,,,,,,,,,,,,,,,,,,,,,,,,,,
10477,,,,96547,,,,,,,,,,,,,,,,,,,,,,,,,,,
2681,,,,79205,,,,,,,,,,,,,,,,,,,,,,,,,,,
5150,,,,56559,,,,,,,,,,,,,,,,,,,,,,,,,,,
5283,,,,32644,,,,,,,,,,,,,,,,,,,,,,,,,,,
9645,,,,67506,,,,,,,,,,,,,,,,,,,,,,,,,,,
10678,,,,24206,,,,,,,,,,,,,,,,,,,,,,,,,,,
7261,,,,28420,,,,,,,,,,,,,,,,,,,,,,,,,,,
9648,,,,22979,,,,,,,,,,,,,,,,,,,,,,,,,,,
2870,,,,33279,,,,,,,,,,,,,,,,,,,,,,,,,,,
8008,,,,30368,,,,,,,,,,,,,,,,,,,,,,,,,,,
1513,,,,63684,,,,,,,,,,,,,,,,,,,,,,,,,,,
6173,,,,41638,,,,,,,,,,,,,,,,,,,,,,,,,,,
1419,,,,68805,,,,,,,,,,,,,,,,,,,,,,,,,,,
9150,,,,65814,,,,,,,,,,,,,,,,,,,,,,,,,,,
7960,,,,71964,,,,,,,,,,,,,,,,,,,,,,,,,,,
1250,,,,39146,,,,,,,,,,,,,,,,,,,,,,,,,,,
9905,,,,96876,,,,,,,,,,,,,,,,,,,,,,,,,,,
10691,,,,34445,,,,,,,,,,,,,,,,,,,,,,,,,,,
7002,,,,68281,,,,,,,,,,,,,,,,,,,,,,,,,,,
2952,,,,36790,,,,,,,,,,,,,,,,,,,,,,,,,,,
8439,,,,27943,,,,,,,,,,,,,,,,,,,,,,,,,,,
762,,,,22263,,,,,,,,,,,,,,,,,,,,,,,,,,,
2831,,,,30261,,,,,,,,,,,,,,,,,,,,,,,,,,,
6977,,,,28587,,,,,,,,,,,,,,,,,,,,,,,,,,,
6289,,,,43815,,,,,,,,,,,,,,,,,,,,,,,,,,,
4168,,,,48195,,,,,,,,,,,,,,,,,,,,,,,,,,,
8397,,,,77027,,,,,,,,,,,,,,,,,,,,,,,,,,,
9284,,,,71322,,,,,,,,,,,,,,,,,,,,,,,,,,,
6237,,,,32765,,,,,,,,,,,,,,,,,,,,,,,,,,,
3130,,,,23272,,,,,,,,,,,,,,,,,,,,,,,,,,,
1619,,,,49912,,,,,,,,,,,,,,,,,,,,,,,,,,,
1990,,,,68117,,,,,,,,,,,,,,,,,,,,,,,,,,,
5513,,,,67225,,,,,,,,,,,,,,,,,,,,,,,,,,,
269,,,,17649,,,,,,,,,,,,,,,,,,,,,,,,,,,
8093,,,,55914,,,,,,,,,,,,,,,,,,,,,,,,,,,
10513,,,,40059,,,,,,,,,,,,,,,,,,,,,,,,,,,
10177,,,,60905,,,,,,,,,,,,,,,,,,,,,,,,,,,
2549,,,,75330,,,,,,,,,,,,,,,,,,,,,,,,,,,
5782,,,,60689,,,,,,,,,,,,,,,,,,,,,,,,,,,
10057,,,,38680,,,,,,,,,,,,,,,,,,,,,,,,,,,
10307,,,,61416,,,,,,,,,,,,,,,,,,,,,,,,,,,
8566,,,,49767,,,,,,,,,,,,,,,,,,,,,,,,,,,
2415,,,,83273,,,,,,,,,,,,,,,,,,,,,,,,,,,
5684,,,,29009,,,,,,,,,,,,,,,,,,,,,,,,,,,
8334,,,,45057,,,,,,,,,,,,,,,,,,,,,,,,,,,
9166,,,,37150,,,,,,,,,,,,,,,,,,,,,,,,,,,
1440,,,,43020,,,,,,,,,,,,,,,,,,,,,,,,,,,
78,,,,53154,,,,,,,,,,,,,,,,,,,,,,,,,,,
5441,,,,65308,,,,,,,,,,,,,,,,,,,,,,,,,,,
5302,,,,76467,,,,,,,,,,,,,,,,,,,,,,,,,,,
4687,,,,81044,,,,,,,,,,,,,,,,,,,,,,,,,,,
1087,,,,32871,,,,,,,,,,,,,,,,,,,,,,,,,,,
6859,,,,55801,,,,,,,,,,,,,,,,,,,,,,,,,,,
9860,,,,76320,,,,,,,,,,,,,,,,,,,,,,,,,,,
7129,,,,36927,,,,,,,,,,,,,,,,,,,,,,,,,,,
5866,,,,48794,,,,,,,,,,,,,,,,,,,,,,,,,,,
10521,,,,23478,,,,,,,,,,,,,,,,,,,,,,,,,,,
7393,,,,71128,,,,,,,,,,,,,,,,,,,,,,,,,,,
7849,,,,59462,,,,,,,,,,,,,,,,,,,,,,,,,,,
332,,,,42554,,,,,,,,,,,,,,,,,,,,,,,,,,,
9847,,,,67046,,,,,,,,,,,,,,,,,,,,,,,,,,,
531,,,,42192,,,,,,,,,,,,,,,,,,,,,,,,,,,
9576,,,,77610,,,,,,,,,,,,,,,,,,,,,,,,,,,
6906,,,,31761,,,,,,,,,,,,,,,,,,,,,,,,,,,
7419,,,,34350,,,,,,,,,,,,,,,,,,,,,,,,,,,
3170,,,,54591,,,,,,,,,,,,,,,,,,,,,,,,,,,
8527,,,,71866,,,,,,,,,,,,,,,,,,,,,,,,,,,
7872,,,,69520,,,,,,,,,,,,,,,,,,,,,,,,,,,
9931,,,,64713,,,,,,,,,,,,,,,,,,,,,,,,,,,
10595,,,,27889,,,,,,,,,,,,,,,,,,,,,,,,,,,
4609,,,,22123,,,,,,,,,,,,,,,,,,,,,,,,,,,
5010,,,,27803,,,,,,,,,,,,,,,,,,,,,,,,,,,
4427,,,,51651,,,,,,,,,,,,,,,,,,,,,,,,,,,
11148,,,,87000,,,,,,,,,,,,,,,,,,,,,,,,,,,
1168,,,,79823,,,,,,,,,,,,,,,,,,,,,,,,,,,
9595,,,,30828,,,,,,,,,,,,,,,,,,,,,,,,,,,
10163,,,,34109,,,,,,,,,,,,,,,,,,,,,,,,,,,
2886,,,,53367,,,,,,,,,,,,,,,,,,,,,,,,,,,
6710,,,,22390,,,,,,,,,,,,,,,,,,,,,,,,,,,
5316,,,,79244,,,,,,,,,,,,,,,,,,,,,,,,,,,
9029,,,,48699,,,,,,,,,,,,,,,,,,,,,,,,,,,
521,,,,80144,,,,,,,,,,,,,,,,,,,,,,,,,,,
1459,,,,54252,,,,,,,,,,,,,,,,,,,,,,,,,,,
10241,,,,81929,,,,,,,,,,,,,,,,,,,,,,,,,,,
1630,,,,76068,,,,,,,,,,,,,,,,,,,,,,,,,,,
3254,,,,53204,,,,,,,,,,,,,,,,,,,,,,,,,,,
9064,,,,14796,,,,,,,,,,,,,,,,,,,,,,,,,,,
3678,,,,78128,,,,,,,,,,,,,,,,,,,,,,,,,,,
4227,,,,14188,,,,,,,,,,,,,,,,,,,,,,,,,,,
9467,,,,72967,,,,,,,,,,,,,,,,,,,,,,,,,,,
8486,,,,48150,,,,,,,,,,,,,,,,,,,,,,,,,,,
2186,,,,82332,,,,,,,,,,,,,,,,,,,,,,,,,,,
3286,,,,58275,,,,,,,,,,,,,,,,,,,,,,,,,,,
8602,,,,44953,,,,,,,,,,,,,,,,,,,,,,,,,,,
3722,,,,34587,,,,,,,,,,,,,,,,,,,,,,,,,,,
6715,,,,43018,,,,,,,,,,,,,,,,,,,,,,,,,,,
4796,,,,45736,,,,,,,,,,,,,,,,,,,,,,,,,,,
9612,,,,27733,,,,,,,,,,,,,,,,,,,,,,,,,,,
3766,,,,69805,,,,,,,,,,,,,,,,,,,,,,,,,,,
1399,,,,72217,,,,,,,,,,,,,,,,,,,,,,,,,,,
1570,,,,25818,,,,,,,,,,,,,,,,,,,,,,,,,,,
3426,,,,37509,,,,,,,,,,,,,,,,,,,,,,,,,,,
3074,,,,25176,,,,,,,,,,,,,,,,,,,,,,,,,,,
8341,,,,43586,,,,,,,,,,,,,,,,,,,,,,,,,,,
5180,,,,53230,,,,,,,,,,,,,,,,,,,,,,,,,,,
6461,,,,50116,,,,,,,,,,,,,,,,,,,,,,,,,,,
7679,,,,82333,,,,,,,,,,,,,,,,,,,,,,,,,,,
10702,,,,65220,,,,,,,,,,,,,,,,,,,,,,,,,,,
7505,,,,33590,,,,,,,,,,,,,,,,,,,,,,,,,,,
5113,,,,72309,,,,,,,,,,,,,,,,,,,,,,,,,,,
10858,,,,156924,,,,,,,,,,,,,,,,,,,,,,,,,,,
2961,,,,16005,,,,,,,,,,,,,,,,,,,,,,,,,,,
2747,,,,65487,,,,,,,,,,,,,,,,,,,,,,,,,,,
3010,,,,58692,,,,,,,,,,,,,,,,,,,,,,,,,,,
5790,,,,40590,,,,,,,,,,,,,,,,,,,,,,,,,,,
6892,,,,62637,,,,,,,,,,,,,,,,,,,,,,,,,,,
1743,,,,29435,,,,,,,,,,,,,,,,,,,,,,,,,,,
3578,,,,19346,,,,,,,,,,,,,,,,,,,,,,,,,,,
8462,,,,35788,,,,,,,,,,,,,,,,,,,,,,,,,,,
5558,,,,36997,,,,,,,,,,,,,,,,,,,,,,,,,,,
4619,,,,23539,,,,,,,,,,,,,,,,,,,,,,,,,,,
8780,,,,65333,,,,,,,,,,,,,,,,,,,,,,,,,,,
10789,,,,78499,,,,,,,,,,,,,,,,,,,,,,,,,,,
10779,,,,29732,,,,,,,,,,,,,,,,,,,,,,,,,,,
5896,,,,41275,,,,,,,,,,,,,,,,,,,,,,,,,,,
2337,,,,63516,,,,,,,,,,,,,,,,,,,,,,,,,,,
10951,,,,42769,,,,,,,,,,,,,,,,,,,,,,,,,,,
544,,,,49572,,,,,,,,,,,,,,,,,,,,,,,,,,,
17,,,,69209,,,,,,,,,,,,,,,,,,,,,,,,,,,
10680,,,,17148,,,,,,,,,,,,,,,,,,,,,,,,,,,
3265,,,,32146,,,,,,,,,,,,,,,,,,,,,,,,,,,
5623,,,,41713,,,,,,,,,,,,,,,,,,,,,,,,,,,
5832,,,,58482,,,,,,,,,,,,,,,,,,,,,,,,,,,
5544,,,,59686,,,,,,,,,,,,,,,,,,,,,,,,,,,
6417,,,,60896,,,,,,,,,,,,,,,,,,,,,,,,,,,
5831,,,,62994,,,,,,,,,,,,,,,,,,,,,,,,,,,
7101,,,,47320,,,,,,,,,,,,,,,,,,,,,,,,,,,
10176,,,,74859,,,,,,,,,,,,,,,,,,,,,,,,,,,
2326,,,,15253,,,,,,,,,,,,,,,,,,,,,,,,,,,
4385,,,,31560,,,,,,,,,,,,,,,,,,,,,,,,,,,
2929,,,,91172,,,,,,,,,,,,,,,,,,,,,,,,,,,
10686,,,,90000,,,,,,,,,,,,,,,,,,,,,,,,,,,
2546,,,,41967,,,,,,,,,,,,,,,,,,,,,,,,,,,
3283,,,,69263,,,,,,,,,,,,,,,,,,,,,,,,,,,
3138,,,,65706,,,,,,,,,,,,,,,,,,,,,,,,,,,
4994,,,,60934,,,,,,,,,,,,,,,,,,,,,,,,,,,
7966,,,,71965,,,,,,,,,,,,,,,,,,,,,,,,,,,
3112,,,,65210,,,,,,,,,,,,,,,,,,,,,,,,,,,
10872,,,,79174,,,,,,,,,,,,,,,,,,,,,,,,,,,
2181,,,,81380,,,,,,,,,,,,,,,,,,,,,,,,,,,
1867,,,,52914,,,,,,,,,,,,,,,,,,,,,,,,,,,
1518,,,,26067,,,,,,,,,,,,,,,,,,,,,,,,,,,
5734,,,,44325,,,,,,,,,,,,,,,,,,,,,,,,,,,
2878,,,,26487,,,,,,,,,,,,,,,,,,,,,,,,,,,
1458,,,,53233,,,,,,,,,,,,,,,,,,,,,,,,,,,
7007,,,,67716,,,,,,,,,,,,,,,,,,,,,,,,,,,
6200,,,,76234,,,,,,,,,,,,,,,,,,,,,,,,,,,
1403,,,,84117,,,,,,,,,,,,,,,,,,,,,,,,,,,
4827,,,,25224,,,,,,,,,,,,,,,,,,,,,,,,,,,
6250,,,,89616,,,,,,,,,,,,,,,,,,,,,,,,,,,
9291,,,,40851,,,,,,,,,,,,,,,,,,,,,,,,,,,
2478,,,,27469,,,,,,,,,,,,,,,,,,,,,,,,,,,
1139,,,,73803,,,,,,,,,,,,,,,,,,,,,,,,,,,
5138,,,,8820,,,,,,,,,,,,,,,,,,,,,,,,,,,
5393,,,,43322,,,,,,,,,,,,,,,,,,,,,,,,,,,
10413,,,,55593,,,,,,,,,,,,,,,,,,,,,,,,,,,
5015,,,,50501,,,,,,,,,,,,,,,,,,,,,,,,,,,
10868,,,,37085,,,,,,,,,,,,,,,,,,,,,,,,,,,
10676,,,,16185,,,,,,,,,,,,,,,,,,,,,,,,,,,
2495,,,,57731,,,,,,,,,,,,,,,,,,,,,,,,,,,
7842,,,,73807,,,,,,,,,,,,,,,,,,,,,,,,,,,
9955,,,,35893,,,,,,,,,,,,,,,,,,,,,,,,,,,
6663,,,,61014,,,,,,,,,,,,,,,,,,,,,,,,,,,
2162,,,,32144,,,,,,,,,,,,,,,,,,,,,,,,,,,
3434,,,,14918,,,,,,,,,,,,,,,,,,,,,,,,,,,
7919,,,,45146,,,,,,,,,,,,,,,,,,,,,,,,,,,
5626,,,,41769,,,,,,,,,,,,,,,,,,,,,,,,,,,
6428,,,,88325,,,,,,,,,,,,,,,,,,,,,,,,,,,
8514,,,,38054,,,,,,,,,,,,,,,,,,,,,,,,,,,
10448,,,,80617,,,,,,,,,,,,,,,,,,,,,,,,,,,
2109,,,,5305,,,,,,,,,,,,,,,,,,,,,,,,,,,
7530,,,,36807,,,,,,,,,,,,,,,,,,,,,,,,,,,
8925,,,,40101,,,,,,,,,,,,,,,,,,,,,,,,,,,
3009,,,,58025,,,,,,,,,,,,,,,,,,,,,,,,,,,
6355,,,,33562,,,,,,,,,,,,,,,,,,,,,,,,,,,
3517,,,,57642,,,,,,,,,,,,,,,,,,,,,,,,,,,
1158,,,,63777,,,,,,,,,,,,,,,,,,,,,,,,,,,
6203,,,,57967,,,,,,,,,,,,,,,,,,,,,,,,,,,
7165,,,,24434,,,,,,,,,,,,,,,,,,,,,,,,,,,
3595,,,,11012,,,,,,,,,,,,,,,,,,,,,,,,,,,
8537,,,,44802,,,,,,,,,,,,,,,,,,,,,,,,,,,
4331,,,,26816,,,,,,,,,,,,,,,,,,,,,,,,,,,
6281,,,,666666,,,,,,,,,,,,,,,,,,,,,,,,,,,
4338,,,,61223,,,,,,,,,,,,,,,,,,,,,,,,,,,
2452,,,,56981,,,,,,,,,,,,,,,,,,,,,,,,,,,
9507,,,,69245,,,,,,,,,,,,,,,,,,,,,,,,,,,
8360,,,,52869,,,,,,,,,,,,,,,,,,,,,,,,,,,
10311,,,,,,,,,,,,,,,,,,,,,,,,,,,,,,,
5117,,,,,,,,,,,,,,,,,,,,,,,,,,,,,,,
4867,,,,,,,,,,,,,,,,,,,,,,,,,,,,,,,
9289,,,,,,,,,,,,,,,,,,,,,,,,,,,,,,,
10913,,,,,,,,,,,,,,,,,,,,,,,,,,,,,,,
3032,,,,,,,,,,,,,,,,,,,,,,,,,,,,,,,
8524,,,,,,,,,,,,,,,,,,,,,,,,,,,,,,,
3334,,,,,,,,,,,,,,,,,,,,,,,,,,,,,,,
4470,,,,,,,,,,,,,,,,,,,,,,,,,,,,,,,
1406,,,,,,,,,,,,,,,,,,,,,,,,,,,,,,,
8619,,,,,,,,,,,,,,,,,,,,,,,,,,,,,,,
10821,,,,,,,,,,,,,,,,,,,,,,,,,,,,,,,
4552,,,,,,,,,,,,,,,,,,,,,,,,,,,,,,,
898,,,,,,,,,,,,,,,,,,,,,,,,,,,,,,,
9797,,,,,,,,,,,,,,,,,,,,,,,,,,,,,,,
10949,,,,,,,,,,,,,,,,,,,,,,,,,,,,,,,
8212,,,,,,,,,,,,,,,,,,,,,,,,,,,,,,,
6248,,,,,,,,,,,,,,,,,,,,,,,,,,,,,,,
10164,,,,,,,,,,,,,,,,,,,,,,,,,,,,,,,
4547,,,,,,,,,,,,,,,,,,,,,,,,,,,,,,,
6815,,,,,,,,,,,,,,,,,,,,,,,,,,,,,,,
4122,,,,,,,,,,,,,,,,,,,,,,,,,,,,,,,
10841,,,,,,,,,,,,,,,,,,,,,,,,,,,,,,,
5370,,,,,,,,,,,,,,,,,,,,,,,,,,,,,,,
176,,,,,,,,,,,,,,,,,,,,,,,,,,,,,,,
4860,,,,,,,,,,,,,,,,,,,,,,,,,,,,,,,
10757,,,,,,,,,,,,,,,,,,,,,,,,,,,,,,,
4023,,,,,,,,,,,,,,,,,,,,,,,,,,,,,,,
6679,,,,,,,,,,,,,,,,,,,,,,,,,,,,,,,
9923,,,,,,,,,,,,,,,,,,,,,,,,,,,,,,,
7181,,,,,,,,,,,,,,,,,,,,,,,,,,,,,,,
3599,,,,,,,,,,,,,,,,,,,,,,,,,,,,,,,
405,,,,,,,,,,,,,,,,,,,,,,,,,,,,,,,
6870,,,,,,,,,,,,,,,,,,,,,,,,,,,,,,,
832,,,,,,,,,,,,,,,,,,,,,,,,,,,,,,,
2002,,,,,,,,,,,,,,,,,,,,,,,,,,,,,,,
3657,,,,,,,,,,,,,,,,,,,,,,,,,,,,,,,
500,,,,,,,,,,,,,,,,,,,,,,,,,,,,,,,
1951,,,,,,,,,,,,,,,,,,,,,,,,,,,,,,,
3262,,,,,,,,,,,,,,,,,,,,,,,,,,,,,,,
4102,,,,,,,,,,,,,,,,,,,,,,,,,,,,,,,
7042,,,,,,,,,,,,,,,,,,,,,,,,,,,,,,,
10598,,,,,,,,,,,,,,,,,,,,,,,,,,,,,,,
255,,,,,,,,,,,,,,,,,,,,,,,,,,,,,,,
2375,,,,,,,,,,,,,,,,,,,,,,,,,,,,,,,
9829,,,,,,,,,,,,,,,,,,,,,,,,,,,,,,,
6214,,,,,,,,,,,,,,,,,,,,,,,,,,,,,,,
4954,,,,,,,,,,,,,,,,,,,,,,,,,,,,,,,
7861,,,,,,,,,,,,,,,,,,,,,,,,,,,,,,,
4837,,,,,,,,,,,,,,,,,,,,,,,,,,,,,,,
9423,,,,,,,,,,,,,,,,,,,,,,,,,,,,,,,
4198,,,,,,,,,,,,,,,,,,,,,,,,,,,,,,,
153,,,,,,,,,,,,,,,,,,,,,,,,,,,,,,,
9323,,,,,,,,,,,,,,,,,,,,,,,,,,,,,,,
10001,,,,,,,,,,,,,,,,,,,,,,,,,,,,,,,
3945,,,,,,,,,,,,,,,,,,,,,,,,,,,,,,,
3799,,,,,,,,,,,,,,,,,,,,,,,,,,,,,,,
8625,,,,,,,,,,,,,,,,,,,,,,,,,,,,,,,
3491,,,,,,,,,,,,,,,,,,,,,,,,,,,,,,,
983,,,,,,,,,,,,,,,,,,,,,,,,,,,,,,,
9119,,,,,,,,,,,,,,,,,,,,,,,,,,,,,,,
4786,,,,,,,,,,,,,,,,,,,,,,,,,,,,,,,
5872,,,,,,,,,,,,,,,,,,,,,,,,,,,,,,,
6568,,,,,,,,,,,,,,,,,,,,,,,,,,,,,,,
5628,,,,,,,,,,,,,,,,,,,,,,,,,,,,,,,
5631,,,,,,,,,,,,,,,,,,,,,,,,,,,,,,,
4974,,,,,,,,,,,,,,,,,,,,,,,,,,,,,,,
8416,,,,,,,,,,,,,,,,,,,,,,,,,,,,,,,
5454,,,,,,,,,,,,,,,,,,,,,,,,,,,,,,,
4095,,,,,,,,,,,,,,,,,,,,,,,,,,,,,,,
5474,,,,,,,,,,,,,,,,,,,,,,,,,,,,,,,
4268,,,,,,,,,,,,,,,,,,,,,,,,,,,,,,,
10701,,,,,,,,,,,,,,,,,,,,,,,,,,,,,,,
3507,,,,,,,,,,,,,,,,,,,,,,,,,,,,,,,
2079,,,,,,,,,,,,,,,,,,,,,,,,,,,,,,,
626,,,,,,,,,,,,,,,,,,,,,,,,,,,,,,,
4426,,,,,,,,,,,,,,,,,,,,,,,,,,,,,,,
2591,,,,,,,,,,,,,,,,,,,,,,,,,,,,,,,
10509,,,,,,,,,,,,,,,,,,,,,,,,,,,,,,,
6382,,,,,,,,,,,,,,,,,,,,,,,,,,,,,,,
6673,,,,,,,,,,,,,,,,,,,,,,,,,,,,,,,
7441,,,,,,,,,,,,,,,,,,,,,,,,,,,,,,,
1071,,,,,,,,,,,,,,,,,,,,,,,,,,,,,,,
10061,,,,,,,,,,,,,,,,,,,,,,,,,,,,,,,
7187,,,,,,,,,,,,,,,,,,,,,,,,,,,,,,,
8775,,,,,,,,,,,,,,,,,,,,,,,,,,,,,,,
1612,,,,,,,,,,,,,,,,,,,,,,,,,,,,,,,
2345,,,,,,,,,,,,,,,,,,,,,,,,,,,,,,,
322,,,,,,,,,,,,,,,,,,,,,,,,,,,,,,,
10897,,,,,,,,,,,,,,,,,,,,,,,,,,,,,,,
123,,,,,,,,,,,,,,,,,,,,,,,,,,,,,,,
6103,,,,,,,,,,,,,,,,,,,,,,,,,,,,,,,
7899,,,,,,,,,,,,,,,,,,,,,,,,,,,,,,,
10500,,,,,,,,,,,,,,,,,,,,,,,,,,,,,,,
1655,,,,,,,,,,,,,,,,,,,,,,,,,,,,,,,
2406,,,,,,,,,,,,,,,,,,,,,,,,,,,,,,,
2712,,,,,,,,,,,,,,,,,,,,,,,,,,,,,,,
5517,,,,,,,,,,,,,,,,,,,,,,,,,,,,,,,
10643,,,,,,,,,,,,,,,,,,,,,,,,,,,,,,,
2254,,,,,,,,,,,,,,,,,,,,,,,,,,,,,,,
10281,,,,,,,,,,,,,,,,,,,,,,,,,,,,,,,
6958,,,,,,,,,,,,,,,,,,,,,,,,,,,,,,,
954,,,,,,,,,,,,,,,,,,,,,,,,,,,,,,,
5079,,,,,,,,,,,,,,,,,,,,,,,,,,,,,,,
10339,,,,,,,,,,,,,,,,,,,,,,,,,,,,,,,
4643,,,,,,,,,,,,,,,,,,,,,,,,,,,,,,,
3117,,,,,,,,,,,,,,,,,,,,,,,,,,,,,,,
6497,,,,,,,,,,,,,,,,,,,,,,,,,,,,,,,
5396,,,,,,,,,,,,,,,,,,,,,,,,,,,,,,,
5250,,,,,,,,,,,,,,,,,,,,,,,,,,,,,,,
1052,,,,,,,,,,,,,,,,,,,,,,,,,,,,,,,
2802,,,,,,,,,,,,,,,,,,,,,,,,,,,,,,,
6343,,,,,,,,,,,,,,,,,,,,,,,,,,,,,,,
6507,,,,,,,,,,,,,,,,,,,,,,,,,,,,,,,
7901,,,,,,,,,,,,,,,,,,,,,,,,,,,,,,,
4865,,,,,,,,,,,,,,,,,,,,,,,,,,,,,,,
2686,,,,,,,,,,,,,,,,,,,,,,,,,,,,,,,
3107,,,,,,,,,,,,,,,,,,,,,,,,,,,,,,,
7734,,,,,,,,,,,,,,,,,,,,,,,,,,,,,,,
1146,,,,,,,,,,,,,,,,,,,,,,,,,,,,,,,
11031,,,,,,,,,,,,,,,,,,,,,,,,,,,,,,,
7428,,,,,,,,,,,,,,,,,,,,,,,,,,,,,,,
975,,,,,,,,,,,,,,,,,,,,,,,,,,,,,,,
1103,,,,,,,,,,,,,,,,,,,,,,,,,,,,,,,
3422,,,,,,,,,,,,,,,,,,,,,,,,,,,,,,,
1055,,,,,,,,,,,,,,,,,,,,,,,,,,,,,,,
6544,,,,,,,,,,,,,,,,,,,,,,,,,,,,,,,
1241,,,,,,,,,,,,,,,,,,,,,,,,,,,,,,,
2909,,,,,,,,,,,,,,,,,,,,,,,,,,,,,,,
5802,,,,,,,,,,,,,,,,,,,,,,,,,,,,,,,
1407,,,,,,,,,,,,,,,,,,,,,,,,,,,,,,,
6183,,,,,,,,,,,,,,,,,,,,,,,,,,,,,,,
340,,,,,,,,,,,,,,,,,,,,,,,,,,,,,,,
5991,,,,,,,,,,,,,,,,,,,,,,,,,,,,,,,
3104,,,,,,,,,,,,,,,,,,,,,,,,,,,,,,,
9729,,,,,,,,,,,,,,,,,,,,,,,,,,,,,,,
1008,,,,,,,,,,,,,,,,,,,,,,,,,,,,,,,
11091,,,,,,,,,,,,,,,,,,,,,,,,,,,,,,,
3969,,,,,,,,,,,,,,,,,,,,,,,,,,,,,,,
1916,,,,,,,,,,,,,,,,,,,,,,,,,,,,,,,
9907,,,,,,,,,,,,,,,,,,,,,,,,,,,,,,,
87,,,,,,,,,,,,,,,,,,,,,,,,,,,,,,,
8659,,,,,,,,,,,,,,,,,,,,,,,,,,,,,,,
6262,,,,,,,,,,,,,,,,,,,,,,,,,,,,,,,
6147,,,,,,,,,,,,,,,,,,,,,,,,,,,,,,,
8832,,,,,,,,,,,,,,,,,,,,,,,,,,,,,,,
10067,,,,,,,,,,,,,,,,,,,,,,,,,,,,,,,
7532,,,,,,,,,,,,,,,,,,,,,,,,,,,,,,,
4915,,,,,,,,,,,,,,,,,,,,,,,,,,,,,,,
2115,,,,,,,,,,,,,,,,,,,,,,,,,,,,,,,
2088,,,,,,,,,,,,,,,,,,,,,,,,,,,,,,,
2493,,,,,,,,,,,,,,,,,,,,,,,,,,,,,,,
6292,,,,,,,,,,,,,,,,,,,,,,,,,,,,,,,
1631,,,,,,,,,,,,,,,,,,,,,,,,,,,,,,,
10104,,,,,,,,,,,,,,,,,,,,,,,,,,,,,,,
3006,,,,,,,,,,,,,,,,,,,,,,,,,,,,,,,
3919,,,,,,,,,,,,,,,,,,,,,,,,,,,,,,,
11181,,,,,,,,,,,,,,,,,,,,,,,,,,,,,,,
642,,,,,,,,,,,,,,,,,,,,,,,,,,,,,,,
4369,,,,,,,,,,,,,,,,,,,,,,,,,,,,,,,
10127,,,,,,,,,,,,,,,,,,,,,,,,,,,,,,,
271,,,,,,,,,,,,,,,,,,,,,,,,,,,,,,,
4973,,,,,,,,,,,,,,,,,,,,,,,,,,,,,,,
2948,,,,,,,,,,,,,,,,,,,,,,,,,,,,,,,
2715,,,,,,,,,,,,,,,,,,,,,,,,,,,,,,,
10432,,,,,,,,,,,,,,,,,,,,,,,,,,,,,,,
9216,,,,,,,,,,,,,,,,,,,,,,,,,,,,,,,
7124,,,,,,,,,,,,,,,,,,,,,,,,,,,,,,,
9727,,,,,,,,,,,,,,,,,,,,,,,,,,,,,,,
5136,,,,,,,,,,,,,,,,,,,,,,,,,,,,,,,
9790,,,,,,,,,,,,,,,,,,,,,,,,,,,,,,,
1818,,,,,,,,,,,,,,,,,,,,,,,,,,,,,,,
1100,,,,,,,,,,,,,,,,,,,,,,,,,,,,,,,
7873,,,,,,,,,,,,,,,,,,,,,,,,,,,,,,,
10609,,,,,,,,,,,,,,,,,,,,,,,,,,,,,,,
6950,,,,,,,,,,,,,,,,,,,,,,,,,,,,,,,
7233,,,,,,,,,,,,,,,,,,,,,,,,,,,,,,,
9481,,,,,,,,,,,,,,,,,,,,,,,,,,,,,,,
7699,,,,,,,,,,,,,,,,,,,,,,,,,,,,,,,
2711,,,,,,,,,,,,,,,,,,,,,,,,,,,,,,,
8933,,,,,,,,,,,,,,,,,,,,,,,,,,,,,,,
8726,,,,,,,,,,,,,,,,,,,,,,,,,,,,,,,
1515,,,,,,,,,,,,,,,,,,,,,,,,,,,,,,,
5186,,,,,,,,,,,,,,,,,,,,,,,,,,,,,,,
10157,,,,,,,,,,,,,,,,,,,,,,,,,,,,,,,
5667,,,,,,,,,,,,,,,,,,,,,,,,,,,,,,,
902,,,,,,,,,,,,,,,,,,,,,,,,,,,,,,,
977,,,,,,,,,,,,,,,,,,,,,,,,,,,,,,,
7313,,,,,,,,,,,,,,,,,,,,,,,,,,,,,,,
7600,,,,,,,,,,,,,,,,,,,,,,,,,,,,,,,
9706,,,,,,,,,,,,,,,,,,,,,,,,,,,,,,,
2429,,,,,,,,,,,,,,,,,,,,,,,,,,,,,,,
3520,,,,,,,,,,,,,,,,,,,,,,,,,,,,,,,
10394,,,,,,,,,,,,,,,,,,,,,,,,,,,,,,,
4548,,,,,,,,,,,,,,,,,,,,,,,,,,,,,,,
9362,,,,,,,,,,,,,,,,,,,,,,,,,,,,,,,
3968,,,,,,,,,,,,,,,,,,,,,,,,,,,,,,,
4084,,,,,,,,,,,,,,,,,,,,,,,,,,,,,,,
6721,,,,,,,,,,,,,,,,,,,,,,,,,,,,,,,
2829,,,,,,,,,,,,,,,,,,,,,,,,,,,,,,,
1772,,,,,,,,,,,,,,,,,,,,,,,,,,,,,,,
1544,,,,,,,,,,,,,,,,,,,,,,,,,,,,,,,
492,,,,,,,,,,,,,,,,,,,,,,,,,,,,,,,
4377,,,,,,,,,,,,,,,,,,,,,,,,,,,,,,,
4541,,,,,,,,,,,,,,,,,,,,,,,,,,,,,,,
1321,,,,,,,,,,,,,,,,,,,,,,,,,,,,,,,
8858,,,,,,,,,,,,,,,,,,,,,,,,,,,,,,,
3266,,,,,,,,,,,,,,,,,,,,,,,,,,,,,,,
11187,,,,,,,,,,,,,,,,,,,,,,,,,,,,,,,
8207,,,,,,,,,,,,,,,,,,,,,,,,,,,,,,,
9723,,,,,,,,,,,,,,,,,,,,,,,,,,,,,,,
2666,,,,,,,,,,,,,,,,,,,,,,,,,,,,,,,
5721,,,,,,,,,,,,,,,,,,,,,,,,,,,,,,,
10652,,,,,,,,,,,,,,,,,,,,,,,,,,,,,,,
1646,,,,,,,,,,,,,,,,,,,,,,,,,,,,,,,
4418,,,,,,,,,,,,,,,,,,,,,,,,,,,,,,,
2656,,,,,,,,,,,,,,,,,,,,,,,,,,,,,,,
7990,,,,,,,,,,,,,,,,,,,,,,,,,,,,,,,
8722,,,,,,,,,,,,,,,,,,,,,,,,,,,,,,,
7118,,,,,,,,,,,,,,,,,,,,,,,,,,,,,,,
2980,,,,,,,,,,,,,,,,,,,,,,,,,,,,,,,
1839,,,,,,,,,,,,,,,,,,,,,,,,,,,,,,,
10722,,,,,,,,,,,,,,,,,,,,,,,,,,,,,,,
2632,,,,,,,,,,,,,,,,,,,,,,,,,,,,,,,
9014,,,,,,,,,,,,,,,,,,,,,,,,,,,,,,,
7620,,,,,,,,,,,,,,,,,,,,,,,,,,,,,,,
10968,,,,,,,,,,,,,,,,,,,,,,,,,,,,,,,
11133,,,,,,,,,,,,,,,,,,,,,,,,,,,,,,,
2736,,,,,,,,,,,,,,,,,,,,,,,,,,,,,,,
1876,,,,,,,,,,,,,,,,,,,,,,,,,,,,,,,
5959,,,,,,,,,,,,,,,,,,,,,,,,,,,,,,,
1092,,,,,,,,,,,,,,,,,,,,,,,,,,,,,,,
4333,,,,,,,,,,,,,,,,,,,,,,,,,,,,,,,
3850,,,,,,,,,,,,,,,,,,,,,,,,,,,,,,,
6168,,,,,,,,,,,,,,,,,,,,,,,,,,,,,,,
607,,,,,,,,,,,,,,,,,,,,,,,,,,,,,,,
10469,,,,,,,,,,,,,,,,,,,,,,,,,,,,,,,
6983,,,,,,,,,,,,,,,,,,,,,,,,,,,,,,,
3661,,,,,,,,,,,,,,,,,,,,,,,,,,,,,,,
9303,,,,,,,,,,,,,,,,,,,,,,,,,,,,,,,
692,,,,,,,,,,,,,,,,,,,,,,,,,,,,,,,
736,,,,,,,,,,,,,,,,,,,,,,,,,,,,,,,
9589,,,,,,,,,,,,,,,,,,,,,,,,,,,,,,,
4838,,,,,,,,,,,,,,,,,,,,,,,,,,,,,,,
9246,,,,,,,,,,,,,,,,,,,,,,,,,,,,,,,
6261,,,,,,,,,,,,,,,,,,,,,,,,,,,,,,,
7366,,,,,,,,,,,,,,,,,,,,,,,,,,,,,,,
10659,,,,,,,,,,,,,,,,,,,,,,,,,,,,,,,
1448,,,,,,,,,,,,,,,,,,,,,,,,,,,,,,,
4286,,,,,,,,,,,,,,,,,,,,,,,,,,,,,,,
4749,,,,,,,,,,,,,,,,,,,,,,,,,,,,,,,
4478,,,,,,,,,,,,,,,,,,,,,,,,,,,,,,,
4201,,,,,,,,,,,,,,,,,,,,,,,,,,,,,,,
8720,,,,,,,,,,,,,,,,,,,,,,,,,,,,,,,
10084,,,,,,,,,,,,,,,,,,,,,,,,,,,,,,,
7004,,,,,,,,,,,,,,,,,,,,,,,,,,,,,,,
9817,,,,,,,,,,,,,,,,,,,,,,,,,,,,,,,
8080,,,,,,,,,,,,,,,,,,,,,,,,,,,,,,,
9432,,,,,,,,,,,,,,,,,,,,,,,,,,,,,,,
8372,,,,,,,,,,,,,,,,,,,,,,,,,,,,,,,
10870,,,,,,,,,,,,,,,,,,,,,,,,,,,,,,,
4001,,,,,,,,,,,,,,,,,,,,,,,,,,,,,,,
7270,,,,,,,,,,,,,,,,,,,,,,,,,,,,,,,
8235,,,,,,,,,,,,,,,,,,,,,,,,,,,,,,,
9405,,,,,,,,,,,,,,,,,,,,,,,,,,,,,,,
